Project URL,SHA Detected,Module Path,Fully-Qualified Test Name (packageName.ClassName.methodName),Category,Status,PR Link,Notes
https://github.com/Accenture/mercury,6b744cdbb2206feca62848df92b3bf542f890be5,extensions/rest-automation-lib,org.platformlambda.automation.tests.WebSocketTests.userChannelTest,NOD,DeveloperFixed,,https://github.com/Accenture/Mercury/commit/47663ff9c7803aa8613a81b3dff71ec9908e2d6e
https://github.com/alibaba/alibabacloud-tairjedis-sdk,f6215930b9e21a5252c95296d9924b3c4524d9f6,.,com.aliyun.tair.tests.tairbloom.TairBloomClusterTest.bfaddTest,NOD,,,
https://github.com/alibaba/alibabacloud-tairjedis-sdk,f6215930b9e21a5252c95296d9924b3c4524d9f6,.,com.aliyun.tair.tests.tairbloom.TairBloomClusterTest.bfinsert,NOD,,,
https://github.com/alibaba/alibabacloud-tairjedis-sdk,f6215930b9e21a5252c95296d9924b3c4524d9f6,.,com.aliyun.tair.tests.tairbloom.TairBloomClusterTest.bfinsertBinary,NOD,,,
https://github.com/alibaba/alibabacloud-tairjedis-sdk,f6215930b9e21a5252c95296d9924b3c4524d9f6,.,com.aliyun.tair.tests.tairbloom.TairBloomClusterTest.bfinsertTest,NOD,,,
https://github.com/alibaba/alibabacloud-tairjedis-sdk,f6215930b9e21a5252c95296d9924b3c4524d9f6,.,com.aliyun.tair.tests.tairbloom.TairBloomClusterTest.bfmaddTest,NOD,,,
https://github.com/alibaba/alibabacloud-tairjedis-sdk,f6215930b9e21a5252c95296d9924b3c4524d9f6,.,com.aliyun.tair.tests.tairbloom.TairBloomPipelineTest.bfaddPipelineTest,NOD,,,
https://github.com/alibaba/alibabacloud-tairjedis-sdk,f6215930b9e21a5252c95296d9924b3c4524d9f6,.,com.aliyun.tair.tests.tairbloom.TairBloomPipelineTest.bfmaddPipelineTest,NOD,,,
https://github.com/alibaba/alibabacloud-tairjedis-sdk,f6215930b9e21a5252c95296d9924b3c4524d9f6,.,com.aliyun.tair.tests.tairbloom.TairBloomTest.bfaddException,NOD,,,
https://github.com/alibaba/alibabacloud-tairjedis-sdk,f6215930b9e21a5252c95296d9924b3c4524d9f6,.,com.aliyun.tair.tests.tairbloom.TairBloomTest.bfaddTest,NOD,,,
https://github.com/alibaba/alibabacloud-tairjedis-sdk,f6215930b9e21a5252c95296d9924b3c4524d9f6,.,com.aliyun.tair.tests.tairbloom.TairBloomTest.bfcommandTest,NOD,,,
https://github.com/alibaba/alibabacloud-tairjedis-sdk,f6215930b9e21a5252c95296d9924b3c4524d9f6,.,com.aliyun.tair.tests.tairbloom.TairBloomTest.bfexistsException,NOD,,,
https://github.com/alibaba/alibabacloud-tairjedis-sdk,f6215930b9e21a5252c95296d9924b3c4524d9f6,.,com.aliyun.tair.tests.tairbloom.TairBloomTest.bfinsert,NOD,,,
https://github.com/alibaba/alibabacloud-tairjedis-sdk,f6215930b9e21a5252c95296d9924b3c4524d9f6,.,com.aliyun.tair.tests.tairbloom.TairBloomTest.bfinsertBinary,NOD,,,
https://github.com/alibaba/alibabacloud-tairjedis-sdk,f6215930b9e21a5252c95296d9924b3c4524d9f6,.,com.aliyun.tair.tests.tairbloom.TairBloomTest.bfinsertException,NOD,,,
https://github.com/alibaba/alibabacloud-tairjedis-sdk,f6215930b9e21a5252c95296d9924b3c4524d9f6,.,com.aliyun.tair.tests.tairbloom.TairBloomTest.bfinsertTest,NOD,,,
https://github.com/alibaba/alibabacloud-tairjedis-sdk,f6215930b9e21a5252c95296d9924b3c4524d9f6,.,com.aliyun.tair.tests.tairbloom.TairBloomTest.bfmaddException,NOD,,,
https://github.com/alibaba/alibabacloud-tairjedis-sdk,f6215930b9e21a5252c95296d9924b3c4524d9f6,.,com.aliyun.tair.tests.tairbloom.TairBloomTest.bfmaddTest,NOD,,,
https://github.com/alibaba/alibabacloud-tairjedis-sdk,f6215930b9e21a5252c95296d9924b3c4524d9f6,.,com.aliyun.tair.tests.tairbloom.TairBloomTest.bfmexistsException,NOD,,,
https://github.com/alibaba/alibabacloud-tairjedis-sdk,f6215930b9e21a5252c95296d9924b3c4524d9f6,.,com.aliyun.tair.tests.taircpc.TairCpcClusterTestNew.cpcAccurateEstimationTest,NOD,,,
https://github.com/alibaba/alibabacloud-tairjedis-sdk,f6215930b9e21a5252c95296d9924b3c4524d9f6,.,com.aliyun.tair.tests.taircpc.TairCpcClusterTestNew.cpcMupdate2EstTest,NOD,,,
https://github.com/alibaba/alibabacloud-tairjedis-sdk,f6215930b9e21a5252c95296d9924b3c4524d9f6,.,com.aliyun.tair.tests.taircpc.TairCpcClusterTestNew.cpcMupdateTest,NOD,,,
https://github.com/alibaba/alibabacloud-tairjedis-sdk,f6215930b9e21a5252c95296d9924b3c4524d9f6,.,com.aliyun.tair.tests.taircpc.TairCpcClusterTestNew.cpcupdate2judTest,NOD,,,
https://github.com/alibaba/alibabacloud-tairjedis-sdk,f6215930b9e21a5252c95296d9924b3c4524d9f6,.,com.aliyun.tair.tests.taircpc.TairCpcClusterTestNew.cpcupdateExpireTest,NOD,,,
https://github.com/alibaba/alibabacloud-tairjedis-sdk,f6215930b9e21a5252c95296d9924b3c4524d9f6,.,com.aliyun.tair.tests.taircpc.TairCpcClusterTestNew.firstArrayTest,NOD,,,
https://github.com/alibaba/alibabacloud-tairjedis-sdk,f6215930b9e21a5252c95296d9924b3c4524d9f6,.,com.aliyun.tair.tests.taircpc.TairCpcClusterTestNew.firstTest,NOD,,,
https://github.com/alibaba/alibabacloud-tairjedis-sdk,f6215930b9e21a5252c95296d9924b3c4524d9f6,.,com.aliyun.tair.tests.taircpc.TairCpcClusterTestNew.lastArrayTest,NOD,,,
https://github.com/alibaba/alibabacloud-tairjedis-sdk,f6215930b9e21a5252c95296d9924b3c4524d9f6,.,com.aliyun.tair.tests.taircpc.TairCpcClusterTestNew.lastTest,NOD,,,
https://github.com/alibaba/alibabacloud-tairjedis-sdk,f6215930b9e21a5252c95296d9924b3c4524d9f6,.,com.aliyun.tair.tests.taircpc.TairCpcClusterTestNew.maxArrayTest,NOD,,,
https://github.com/alibaba/alibabacloud-tairjedis-sdk,f6215930b9e21a5252c95296d9924b3c4524d9f6,.,com.aliyun.tair.tests.taircpc.TairCpcClusterTestNew.minArrayTest,NOD,,,
https://github.com/alibaba/alibabacloud-tairjedis-sdk,f6215930b9e21a5252c95296d9924b3c4524d9f6,.,com.aliyun.tair.tests.taircpc.TairCpcClusterTestNew.minTest,NOD,,,
https://github.com/alibaba/alibabacloud-tairjedis-sdk,f6215930b9e21a5252c95296d9924b3c4524d9f6,.,com.aliyun.tair.tests.taircpc.TairCpcClusterTestNew.stddevTest,NOD,,,
https://github.com/alibaba/alibabacloud-tairjedis-sdk,f6215930b9e21a5252c95296d9924b3c4524d9f6,.,com.aliyun.tair.tests.taircpc.TairCpcClusterTestNew.sumTest,NOD,,,
https://github.com/alibaba/alibabacloud-tairjedis-sdk,f6215930b9e21a5252c95296d9924b3c4524d9f6,.,com.aliyun.tair.tests.taircpc.TairCpcPipelineTest.cpcupdateTest,NOD,,,
https://github.com/alibaba/alibabacloud-tairjedis-sdk,f6215930b9e21a5252c95296d9924b3c4524d9f6,.,com.aliyun.tair.tests.taircpc.TairCpcTestNew.avgArrayTest,NOD,,,
https://github.com/alibaba/alibabacloud-tairjedis-sdk,f6215930b9e21a5252c95296d9924b3c4524d9f6,.,com.aliyun.tair.tests.taircpc.TairCpcTestNew.cpcAccurateEstimationTest,NOD,,,
https://github.com/alibaba/alibabacloud-tairjedis-sdk,f6215930b9e21a5252c95296d9924b3c4524d9f6,.,com.aliyun.tair.tests.taircpc.TairCpcTestNew.cpcArrayEstimateRangeTest,NOD,,,
https://github.com/alibaba/alibabacloud-tairjedis-sdk,f6215930b9e21a5252c95296d9924b3c4524d9f6,.,com.aliyun.tair.tests.taircpc.TairCpcTestNew.cpcMupdate2EstTest,NOD,,,
https://github.com/alibaba/alibabacloud-tairjedis-sdk,f6215930b9e21a5252c95296d9924b3c4524d9f6,.,com.aliyun.tair.tests.taircpc.TairCpcTestNew.cpcMupdate2JudTest,NOD,,,
https://github.com/alibaba/alibabacloud-tairjedis-sdk,f6215930b9e21a5252c95296d9924b3c4524d9f6,.,com.aliyun.tair.tests.taircpc.TairCpcTestNew.cpcMupdateTest,NOD,,,
https://github.com/alibaba/alibabacloud-tairjedis-sdk,f6215930b9e21a5252c95296d9924b3c4524d9f6,.,com.aliyun.tair.tests.taircpc.TairCpcTestNew.cpcupdateExpireTest,NOD,,,
https://github.com/alibaba/alibabacloud-tairjedis-sdk,f6215930b9e21a5252c95296d9924b3c4524d9f6,.,com.aliyun.tair.tests.taircpc.TairCpcTestNew.lastArrayTest,NOD,,,
https://github.com/alibaba/alibabacloud-tairjedis-sdk,f6215930b9e21a5252c95296d9924b3c4524d9f6,.,com.aliyun.tair.tests.taircpc.TairCpcTestNew.lastTest,NOD,,,
https://github.com/alibaba/alibabacloud-tairjedis-sdk,f6215930b9e21a5252c95296d9924b3c4524d9f6,.,com.aliyun.tair.tests.taircpc.TairCpcTestNew.maxArrayTest,NOD,,,
https://github.com/alibaba/alibabacloud-tairjedis-sdk,f6215930b9e21a5252c95296d9924b3c4524d9f6,.,com.aliyun.tair.tests.taircpc.TairCpcTestNew.sketchesTest,NOD,,,
https://github.com/alibaba/alibabacloud-tairjedis-sdk,f6215930b9e21a5252c95296d9924b3c4524d9f6,.,com.aliyun.tair.tests.taircpc.TairCpcTestNew.stddevArrayTest,NOD,,,
https://github.com/alibaba/alibabacloud-tairjedis-sdk,f6215930b9e21a5252c95296d9924b3c4524d9f6,.,com.aliyun.tair.tests.taircpc.TairCpcTestNew.stddevTest,NOD,,,
https://github.com/alibaba/alibabacloud-tairjedis-sdk,f6215930b9e21a5252c95296d9924b3c4524d9f6,.,com.aliyun.tair.tests.taircpc.TairCpcTestNew.sumTest,NOD,,,
https://github.com/alibaba/alibabacloud-tairjedis-sdk,f6215930b9e21a5252c95296d9924b3c4524d9f6,.,com.aliyun.tair.tests.tairdoc.TairDocClusterTest.jsonarrappendException,NOD,,,
https://github.com/alibaba/alibabacloud-tairjedis-sdk,f6215930b9e21a5252c95296d9924b3c4524d9f6,.,com.aliyun.tair.tests.tairdoc.TairDocClusterTest.jsonArrappendTest,NOD,,,
https://github.com/alibaba/alibabacloud-tairjedis-sdk,f6215930b9e21a5252c95296d9924b3c4524d9f6,.,com.aliyun.tair.tests.tairdoc.TairDocClusterTest.jsonArrlenTest,NOD,,,
https://github.com/alibaba/alibabacloud-tairjedis-sdk,f6215930b9e21a5252c95296d9924b3c4524d9f6,.,com.aliyun.tair.tests.tairdoc.TairDocClusterTest.jsonArrlenTest2,NOD,,,
https://github.com/alibaba/alibabacloud-tairjedis-sdk,f6215930b9e21a5252c95296d9924b3c4524d9f6,.,com.aliyun.tair.tests.tairdoc.TairDocClusterTest.jsonarrpopException,NOD,,,
https://github.com/alibaba/alibabacloud-tairjedis-sdk,f6215930b9e21a5252c95296d9924b3c4524d9f6,.,com.aliyun.tair.tests.tairdoc.TairDocClusterTest.jsonArrpopTest,NOD,,,
https://github.com/alibaba/alibabacloud-tairjedis-sdk,f6215930b9e21a5252c95296d9924b3c4524d9f6,.,com.aliyun.tair.tests.tairdoc.TairDocClusterTest.jsonArrtrimTest,NOD,,,
https://github.com/alibaba/alibabacloud-tairjedis-sdk,f6215930b9e21a5252c95296d9924b3c4524d9f6,.,com.aliyun.tair.tests.tairdoc.TairDocClusterTest.jsondelException,NOD,,,
https://github.com/alibaba/alibabacloud-tairjedis-sdk,f6215930b9e21a5252c95296d9924b3c4524d9f6,.,com.aliyun.tair.tests.tairdoc.TairDocClusterTest.jsonDelTest,NOD,,,
https://github.com/alibaba/alibabacloud-tairjedis-sdk,f6215930b9e21a5252c95296d9924b3c4524d9f6,.,com.aliyun.tair.tests.tairdoc.TairDocClusterTest.jsongetException,NOD,,,
https://github.com/alibaba/alibabacloud-tairjedis-sdk,f6215930b9e21a5252c95296d9924b3c4524d9f6,.,com.aliyun.tair.tests.tairdoc.TairDocClusterTest.jsonmgetException,NOD,,,
https://github.com/alibaba/alibabacloud-tairjedis-sdk,f6215930b9e21a5252c95296d9924b3c4524d9f6,.,com.aliyun.tair.tests.tairdoc.TairDocClusterTest.jsonMgetTestBinary,NOD,,,
https://github.com/alibaba/alibabacloud-tairjedis-sdk,f6215930b9e21a5252c95296d9924b3c4524d9f6,.,com.aliyun.tair.tests.tairdoc.TairDocClusterTest.jsonnumincrbyException,NOD,,,
https://github.com/alibaba/alibabacloud-tairjedis-sdk,f6215930b9e21a5252c95296d9924b3c4524d9f6,.,com.aliyun.tair.tests.tairdoc.TairDocClusterTest.jsonNumincrbyTest,NOD,,,
https://github.com/alibaba/alibabacloud-tairjedis-sdk,f6215930b9e21a5252c95296d9924b3c4524d9f6,.,com.aliyun.tair.tests.tairdoc.TairDocClusterTest.jsonsetException,NOD,,,
https://github.com/alibaba/alibabacloud-tairjedis-sdk,f6215930b9e21a5252c95296d9924b3c4524d9f6,.,com.aliyun.tair.tests.tairdoc.TairDocClusterTest.jsonSetTestBinary,NOD,,,
https://github.com/alibaba/alibabacloud-tairjedis-sdk,f6215930b9e21a5252c95296d9924b3c4524d9f6,.,com.aliyun.tair.tests.tairdoc.TairDocClusterTest.jsonSetWithException,NOD,,,
https://github.com/alibaba/alibabacloud-tairjedis-sdk,f6215930b9e21a5252c95296d9924b3c4524d9f6,.,com.aliyun.tair.tests.tairdoc.TairDocClusterTest.jsonSetWithNXXX,NOD,,,
https://github.com/alibaba/alibabacloud-tairjedis-sdk,f6215930b9e21a5252c95296d9924b3c4524d9f6,.,com.aliyun.tair.tests.tairdoc.TairDocClusterTest.jsonSetWithNXXXBinary,NOD,,,
https://github.com/alibaba/alibabacloud-tairjedis-sdk,f6215930b9e21a5252c95296d9924b3c4524d9f6,.,com.aliyun.tair.tests.tairdoc.TairDocClusterTest.jsonstrlenException,NOD,,,
https://github.com/alibaba/alibabacloud-tairjedis-sdk,f6215930b9e21a5252c95296d9924b3c4524d9f6,.,com.aliyun.tair.tests.tairdoc.TairDocClusterTest.jsonStrlenTest,NOD,,,
https://github.com/alibaba/alibabacloud-tairjedis-sdk,f6215930b9e21a5252c95296d9924b3c4524d9f6,.,com.aliyun.tair.tests.tairdoc.TairDocPipelineTest.jsonSetTest,NOD,,,
https://github.com/alibaba/alibabacloud-tairjedis-sdk,f6215930b9e21a5252c95296d9924b3c4524d9f6,.,com.aliyun.tair.tests.tairdoc.TairDocPipelineTest.jsonSetTestBinary,NOD,,,
https://github.com/alibaba/alibabacloud-tairjedis-sdk,f6215930b9e21a5252c95296d9924b3c4524d9f6,.,com.aliyun.tair.tests.tairdoc.TairDocPipelineTest.pipelineTest2Binary,NOD,,,
https://github.com/alibaba/alibabacloud-tairjedis-sdk,f6215930b9e21a5252c95296d9924b3c4524d9f6,.,com.aliyun.tair.tests.tairdoc.TairDocTest.jsonarrinsertException,NOD,,,
https://github.com/alibaba/alibabacloud-tairjedis-sdk,f6215930b9e21a5252c95296d9924b3c4524d9f6,.,com.aliyun.tair.tests.tairdoc.TairDocTest.jsonarrlenException,NOD,,,
https://github.com/alibaba/alibabacloud-tairjedis-sdk,f6215930b9e21a5252c95296d9924b3c4524d9f6,.,com.aliyun.tair.tests.tairdoc.TairDocTest.jsonarrpopException,NOD,,,
https://github.com/alibaba/alibabacloud-tairjedis-sdk,f6215930b9e21a5252c95296d9924b3c4524d9f6,.,com.aliyun.tair.tests.tairdoc.TairDocTest.jsonArrpopTest,NOD,,,
https://github.com/alibaba/alibabacloud-tairjedis-sdk,f6215930b9e21a5252c95296d9924b3c4524d9f6,.,com.aliyun.tair.tests.tairdoc.TairDocTest.jsonarrtrimException,NOD,,,
https://github.com/alibaba/alibabacloud-tairjedis-sdk,f6215930b9e21a5252c95296d9924b3c4524d9f6,.,com.aliyun.tair.tests.tairdoc.TairDocTest.jsonArrtrimTest,NOD,,,
https://github.com/alibaba/alibabacloud-tairjedis-sdk,f6215930b9e21a5252c95296d9924b3c4524d9f6,.,com.aliyun.tair.tests.tairdoc.TairDocTest.jsondelException,NOD,,,
https://github.com/alibaba/alibabacloud-tairjedis-sdk,f6215930b9e21a5252c95296d9924b3c4524d9f6,.,com.aliyun.tair.tests.tairdoc.TairDocTest.jsonDelTest,NOD,,,
https://github.com/alibaba/alibabacloud-tairjedis-sdk,f6215930b9e21a5252c95296d9924b3c4524d9f6,.,com.aliyun.tair.tests.tairdoc.TairDocTest.jsongetException,NOD,,,
https://github.com/alibaba/alibabacloud-tairjedis-sdk,f6215930b9e21a5252c95296d9924b3c4524d9f6,.,com.aliyun.tair.tests.tairdoc.TairDocTest.jsonGetTest,NOD,,,
https://github.com/alibaba/alibabacloud-tairjedis-sdk,f6215930b9e21a5252c95296d9924b3c4524d9f6,.,com.aliyun.tair.tests.tairdoc.TairDocTest.jsonGetWithXmlAndYaml,NOD,,,
https://github.com/alibaba/alibabacloud-tairjedis-sdk,f6215930b9e21a5252c95296d9924b3c4524d9f6,.,com.aliyun.tair.tests.tairdoc.TairDocTest.jsonMgetTest,NOD,,,
https://github.com/alibaba/alibabacloud-tairjedis-sdk,f6215930b9e21a5252c95296d9924b3c4524d9f6,.,com.aliyun.tair.tests.tairdoc.TairDocTest.jsonMgetTestBinary,NOD,,,
https://github.com/alibaba/alibabacloud-tairjedis-sdk,f6215930b9e21a5252c95296d9924b3c4524d9f6,.,com.aliyun.tair.tests.tairdoc.TairDocTest.jsonnumincrbyException,NOD,,,
https://github.com/alibaba/alibabacloud-tairjedis-sdk,f6215930b9e21a5252c95296d9924b3c4524d9f6,.,com.aliyun.tair.tests.tairdoc.TairDocTest.jsonsetException,NOD,,,
https://github.com/alibaba/alibabacloud-tairjedis-sdk,f6215930b9e21a5252c95296d9924b3c4524d9f6,.,com.aliyun.tair.tests.tairdoc.TairDocTest.jsonSetTestBinary,NOD,,,
https://github.com/alibaba/alibabacloud-tairjedis-sdk,f6215930b9e21a5252c95296d9924b3c4524d9f6,.,com.aliyun.tair.tests.tairdoc.TairDocTest.jsonSetWithException,NOD,,,
https://github.com/alibaba/alibabacloud-tairjedis-sdk,f6215930b9e21a5252c95296d9924b3c4524d9f6,.,com.aliyun.tair.tests.tairdoc.TairDocTest.jsonSetWithNXXX,NOD,,,
https://github.com/alibaba/alibabacloud-tairjedis-sdk,f6215930b9e21a5252c95296d9924b3c4524d9f6,.,com.aliyun.tair.tests.tairdoc.TairDocTest.jsonstrappendException,NOD,,,
https://github.com/alibaba/alibabacloud-tairjedis-sdk,f6215930b9e21a5252c95296d9924b3c4524d9f6,.,com.aliyun.tair.tests.tairdoc.TairDocTest.jsonStrappendTest,NOD,,,
https://github.com/alibaba/alibabacloud-tairjedis-sdk,f6215930b9e21a5252c95296d9924b3c4524d9f6,.,com.aliyun.tair.tests.tairdoc.TairDocTest.jsonStrlenTest,NOD,,,
https://github.com/alibaba/alibabacloud-tairjedis-sdk,f6215930b9e21a5252c95296d9924b3c4524d9f6,.,com.aliyun.tair.tests.tairgis.TairGisClusterTest.gisBigKeyTest,NOD,,,
https://github.com/alibaba/alibabacloud-tairjedis-sdk,f6215930b9e21a5252c95296d9924b3c4524d9f6,.,com.aliyun.tair.tests.tairgis.TairGisClusterTest.gisContainsTest,NOD,,,
https://github.com/alibaba/alibabacloud-tairjedis-sdk,f6215930b9e21a5252c95296d9924b3c4524d9f6,.,com.aliyun.tair.tests.tairgis.TairGisClusterTest.gisdelKeyNotExistTest,NOD,,,
https://github.com/alibaba/alibabacloud-tairjedis-sdk,f6215930b9e21a5252c95296d9924b3c4524d9f6,.,com.aliyun.tair.tests.tairgis.TairGisClusterTest.gisdelTest,NOD,,,
https://github.com/alibaba/alibabacloud-tairjedis-sdk,f6215930b9e21a5252c95296d9924b3c4524d9f6,.,com.aliyun.tair.tests.tairgis.TairGisClusterTest.gisdelValueNotExistsTest,NOD,,,
https://github.com/alibaba/alibabacloud-tairjedis-sdk,f6215930b9e21a5252c95296d9924b3c4524d9f6,.,com.aliyun.tair.tests.tairgis.TairGisClusterTest.gisGetallTest,NOD,,,
https://github.com/alibaba/alibabacloud-tairjedis-sdk,f6215930b9e21a5252c95296d9924b3c4524d9f6,.,com.aliyun.tair.tests.tairgis.TairGisClusterTest.gisSearchBigKeyTest,NOD,,,
https://github.com/alibaba/alibabacloud-tairjedis-sdk,f6215930b9e21a5252c95296d9924b3c4524d9f6,.,com.aliyun.tair.tests.tairgis.TairGisClusterTest.gisSearchByMember,NOD,,,
https://github.com/alibaba/alibabacloud-tairjedis-sdk,f6215930b9e21a5252c95296d9924b3c4524d9f6,.,com.aliyun.tair.tests.tairgis.TairGisClusterTest.gisSearchWithParams,NOD,,,
https://github.com/alibaba/alibabacloud-tairjedis-sdk,f6215930b9e21a5252c95296d9924b3c4524d9f6,.,com.aliyun.tair.tests.tairgis.TairGisPipelineTest.gisdelValueNotExistsTest,NOD,,,
https://github.com/alibaba/alibabacloud-tairjedis-sdk,f6215930b9e21a5252c95296d9924b3c4524d9f6,.,com.aliyun.tair.tests.tairgis.TairGisPipelineTest.gisGetallPipelineTest,NOD,,,
https://github.com/alibaba/alibabacloud-tairjedis-sdk,f6215930b9e21a5252c95296d9924b3c4524d9f6,.,com.aliyun.tair.tests.tairgis.TairGisPipelineTest.gisSearchPipelineTestBinary,NOD,,,
https://github.com/alibaba/alibabacloud-tairjedis-sdk,f6215930b9e21a5252c95296d9924b3c4524d9f6,.,com.aliyun.tair.tests.tairgis.TairGisTest.gisaddException,NOD,,,
https://github.com/alibaba/alibabacloud-tairjedis-sdk,f6215930b9e21a5252c95296d9924b3c4524d9f6,.,com.aliyun.tair.tests.tairgis.TairGisTest.gisBigKeyTest,NOD,,,
https://github.com/alibaba/alibabacloud-tairjedis-sdk,f6215930b9e21a5252c95296d9924b3c4524d9f6,.,com.aliyun.tair.tests.tairgis.TairGisTest.giscontainsException,NOD,,,
https://github.com/alibaba/alibabacloud-tairjedis-sdk,f6215930b9e21a5252c95296d9924b3c4524d9f6,.,com.aliyun.tair.tests.tairgis.TairGisTest.gisContainsTest,NOD,,,
https://github.com/alibaba/alibabacloud-tairjedis-sdk,f6215930b9e21a5252c95296d9924b3c4524d9f6,.,com.aliyun.tair.tests.tairgis.TairGisTest.gisdelKeyTypeErrorTest,NOD,,,
https://github.com/alibaba/alibabacloud-tairjedis-sdk,f6215930b9e21a5252c95296d9924b3c4524d9f6,.,com.aliyun.tair.tests.tairgis.TairGisTest.gisdelTest,NOD,,,
https://github.com/alibaba/alibabacloud-tairjedis-sdk,f6215930b9e21a5252c95296d9924b3c4524d9f6,.,com.aliyun.tair.tests.tairgis.TairGisTest.gisgetallException,NOD,,,
https://github.com/alibaba/alibabacloud-tairjedis-sdk,f6215930b9e21a5252c95296d9924b3c4524d9f6,.,com.aliyun.tair.tests.tairgis.TairGisTest.gisintersectsException,NOD,,,
https://github.com/alibaba/alibabacloud-tairjedis-sdk,f6215930b9e21a5252c95296d9924b3c4524d9f6,.,com.aliyun.tair.tests.tairgis.TairGisTest.gisSearchByMember,NOD,,,
https://github.com/alibaba/alibabacloud-tairjedis-sdk,f6215930b9e21a5252c95296d9924b3c4524d9f6,.,com.aliyun.tair.tests.tairgis.TairGisTest.gissearchException,NOD,,,
https://github.com/alibaba/alibabacloud-tairjedis-sdk,f6215930b9e21a5252c95296d9924b3c4524d9f6,.,com.aliyun.tair.tests.tairgis.TairGisTest.gisSearchWithParams,NOD,,,
https://github.com/alibaba/alibabacloud-tairjedis-sdk,f6215930b9e21a5252c95296d9924b3c4524d9f6,.,com.aliyun.tair.tests.tairgis.TairGisTest.gisWithinTest,NOD,,,
https://github.com/alibaba/alibabacloud-tairjedis-sdk,f6215930b9e21a5252c95296d9924b3c4524d9f6,.,com.aliyun.tair.tests.tairhash.TairHashClusterTest.exhashBigKey,NOD,,,
https://github.com/alibaba/alibabacloud-tairjedis-sdk,f6215930b9e21a5252c95296d9924b3c4524d9f6,.,com.aliyun.tair.tests.tairhash.TairHashClusterTest.exhdel,NOD,,,
https://github.com/alibaba/alibabacloud-tairjedis-sdk,f6215930b9e21a5252c95296d9924b3c4524d9f6,.,com.aliyun.tair.tests.tairhash.TairHashClusterTest.exhexists,NOD,,,
https://github.com/alibaba/alibabacloud-tairjedis-sdk,f6215930b9e21a5252c95296d9924b3c4524d9f6,.,com.aliyun.tair.tests.tairhash.TairHashClusterTest.exhexistsException,NOD,,,
https://github.com/alibaba/alibabacloud-tairjedis-sdk,f6215930b9e21a5252c95296d9924b3c4524d9f6,.,com.aliyun.tair.tests.tairhash.TairHashClusterTest.exhexpireatException,NOD,,,
https://github.com/alibaba/alibabacloud-tairjedis-sdk,f6215930b9e21a5252c95296d9924b3c4524d9f6,.,com.aliyun.tair.tests.tairhash.TairHashClusterTest.exhexpireAtWithNoActive,NOD,,,
https://github.com/alibaba/alibabacloud-tairjedis-sdk,f6215930b9e21a5252c95296d9924b3c4524d9f6,.,com.aliyun.tair.tests.tairhash.TairHashClusterTest.exhexpireException,NOD,,,
https://github.com/alibaba/alibabacloud-tairjedis-sdk,f6215930b9e21a5252c95296d9924b3c4524d9f6,.,com.aliyun.tair.tests.tairhash.TairHashClusterTest.exhexpireWithNoActive,NOD,,,
https://github.com/alibaba/alibabacloud-tairjedis-sdk,f6215930b9e21a5252c95296d9924b3c4524d9f6,.,com.aliyun.tair.tests.tairhash.TairHashClusterTest.exhgetAll,NOD,,,
https://github.com/alibaba/alibabacloud-tairjedis-sdk,f6215930b9e21a5252c95296d9924b3c4524d9f6,.,com.aliyun.tair.tests.tairhash.TairHashClusterTest.exhgetAllException,NOD,,,
https://github.com/alibaba/alibabacloud-tairjedis-sdk,f6215930b9e21a5252c95296d9924b3c4524d9f6,.,com.aliyun.tair.tests.tairhash.TairHashClusterTest.exhgetallException,NOD,,,
https://github.com/alibaba/alibabacloud-tairjedis-sdk,f6215930b9e21a5252c95296d9924b3c4524d9f6,.,com.aliyun.tair.tests.tairhash.TairHashClusterTest.exhgetwithver,NOD,,,
https://github.com/alibaba/alibabacloud-tairjedis-sdk,f6215930b9e21a5252c95296d9924b3c4524d9f6,.,com.aliyun.tair.tests.tairhash.TairHashClusterTest.exhgetwithverPipeline,NOD,,,
https://github.com/alibaba/alibabacloud-tairjedis-sdk,f6215930b9e21a5252c95296d9924b3c4524d9f6,.,com.aliyun.tair.tests.tairhash.TairHashClusterTest.exhincrbyException,NOD,,,
https://github.com/alibaba/alibabacloud-tairjedis-sdk,f6215930b9e21a5252c95296d9924b3c4524d9f6,.,com.aliyun.tair.tests.tairhash.TairHashClusterTest.exhincrbyfloatException,NOD,,,
https://github.com/alibaba/alibabacloud-tairjedis-sdk,f6215930b9e21a5252c95296d9924b3c4524d9f6,.,com.aliyun.tair.tests.tairhash.TairHashClusterTest.exhincrByFloatWithVersion,NOD,,,
https://github.com/alibaba/alibabacloud-tairjedis-sdk,f6215930b9e21a5252c95296d9924b3c4524d9f6,.,com.aliyun.tair.tests.tairhash.TairHashClusterTest.exhkeys,NOD,,,
https://github.com/alibaba/alibabacloud-tairjedis-sdk,f6215930b9e21a5252c95296d9924b3c4524d9f6,.,com.aliyun.tair.tests.tairhash.TairHashClusterTest.exhkeysException,NOD,,,
https://github.com/alibaba/alibabacloud-tairjedis-sdk,f6215930b9e21a5252c95296d9924b3c4524d9f6,.,com.aliyun.tair.tests.tairhash.TairHashClusterTest.exhmget,NOD,,,
https://github.com/alibaba/alibabacloud-tairjedis-sdk,f6215930b9e21a5252c95296d9924b3c4524d9f6,.,com.aliyun.tair.tests.tairhash.TairHashClusterTest.exhmsetwithopts,NOD,,,
https://github.com/alibaba/alibabacloud-tairjedis-sdk,f6215930b9e21a5252c95296d9924b3c4524d9f6,.,com.aliyun.tair.tests.tairhash.TairHashClusterTest.exhmsetwithoptsException,NOD,,,
https://github.com/alibaba/alibabacloud-tairjedis-sdk,f6215930b9e21a5252c95296d9924b3c4524d9f6,.,com.aliyun.tair.tests.tairhash.TairHashClusterTest.exhpexpireatException,NOD,,,
https://github.com/alibaba/alibabacloud-tairjedis-sdk,f6215930b9e21a5252c95296d9924b3c4524d9f6,.,com.aliyun.tair.tests.tairhash.TairHashClusterTest.exhpexpireAtWithNoActive,NOD,,,
https://github.com/alibaba/alibabacloud-tairjedis-sdk,f6215930b9e21a5252c95296d9924b3c4524d9f6,.,com.aliyun.tair.tests.tairhash.TairHashClusterTest.exhpexpireWithNoActive,NOD,,,
https://github.com/alibaba/alibabacloud-tairjedis-sdk,f6215930b9e21a5252c95296d9924b3c4524d9f6,.,com.aliyun.tair.tests.tairhash.TairHashClusterTest.exhpttlException,NOD,,,
https://github.com/alibaba/alibabacloud-tairjedis-sdk,f6215930b9e21a5252c95296d9924b3c4524d9f6,.,com.aliyun.tair.tests.tairhash.TairHashClusterTest.exhsetException,NOD,,,
https://github.com/alibaba/alibabacloud-tairjedis-sdk,f6215930b9e21a5252c95296d9924b3c4524d9f6,.,com.aliyun.tair.tests.tairhash.TairHashClusterTest.exhsetnx,NOD,,,
https://github.com/alibaba/alibabacloud-tairjedis-sdk,f6215930b9e21a5252c95296d9924b3c4524d9f6,.,com.aliyun.tair.tests.tairhash.TairHashClusterTest.exhsetnxException,NOD,,,
https://github.com/alibaba/alibabacloud-tairjedis-sdk,f6215930b9e21a5252c95296d9924b3c4524d9f6,.,com.aliyun.tair.tests.tairhash.TairHashClusterTest.exhsetparams,NOD,,,
https://github.com/alibaba/alibabacloud-tairjedis-sdk,f6215930b9e21a5252c95296d9924b3c4524d9f6,.,com.aliyun.tair.tests.tairhash.TairHashClusterTest.exhsetverException,NOD,,,
https://github.com/alibaba/alibabacloud-tairjedis-sdk,f6215930b9e21a5252c95296d9924b3c4524d9f6,.,com.aliyun.tair.tests.tairhash.TairHashClusterTest.exhsetwitnoactive,NOD,,,
https://github.com/alibaba/alibabacloud-tairjedis-sdk,f6215930b9e21a5252c95296d9924b3c4524d9f6,.,com.aliyun.tair.tests.tairhash.TairHashClusterTest.exhstrlenException,NOD,,,
https://github.com/alibaba/alibabacloud-tairjedis-sdk,f6215930b9e21a5252c95296d9924b3c4524d9f6,.,com.aliyun.tair.tests.tairhash.TairHashClusterTest.exhttl,NOD,,,
https://github.com/alibaba/alibabacloud-tairjedis-sdk,f6215930b9e21a5252c95296d9924b3c4524d9f6,.,com.aliyun.tair.tests.tairhash.TairHashClusterTest.exhttlException,NOD,,,
https://github.com/alibaba/alibabacloud-tairjedis-sdk,f6215930b9e21a5252c95296d9924b3c4524d9f6,.,com.aliyun.tair.tests.tairhash.TairHashClusterTest.exhvals,NOD,,,
https://github.com/alibaba/alibabacloud-tairjedis-sdk,f6215930b9e21a5252c95296d9924b3c4524d9f6,.,com.aliyun.tair.tests.tairhash.TairHashClusterTest.exhvalsException,NOD,,,
https://github.com/alibaba/alibabacloud-tairjedis-sdk,f6215930b9e21a5252c95296d9924b3c4524d9f6,.,com.aliyun.tair.tests.tairhash.TairHashClusterTest.exhver,NOD,,,
https://github.com/alibaba/alibabacloud-tairjedis-sdk,f6215930b9e21a5252c95296d9924b3c4524d9f6,.,com.aliyun.tair.tests.tairhash.TairHashClusterTest.exhverException,NOD,,,
https://github.com/alibaba/alibabacloud-tairjedis-sdk,f6215930b9e21a5252c95296d9924b3c4524d9f6,.,com.aliyun.tair.tests.tairhash.TairHashClusterTest.extestBinaryHstrLen,NOD,,,
https://github.com/alibaba/alibabacloud-tairjedis-sdk,f6215930b9e21a5252c95296d9924b3c4524d9f6,.,com.aliyun.tair.tests.tairhash.TairHashPipelineTest.exhincrByFloatWithBoundaryPipeline,NOD,,,
https://github.com/alibaba/alibabacloud-tairjedis-sdk,f6215930b9e21a5252c95296d9924b3c4524d9f6,.,com.aliyun.tair.tests.tairhash.TairHashPipelineTest.exhincrByFloatWithVersionPipeline,NOD,,,
https://github.com/alibaba/alibabacloud-tairjedis-sdk,f6215930b9e21a5252c95296d9924b3c4524d9f6,.,com.aliyun.tair.tests.tairhash.TairHashPipelineTest.exhincrByWithBoundaryPipeline,NOD,,,
https://github.com/alibaba/alibabacloud-tairjedis-sdk,f6215930b9e21a5252c95296d9924b3c4524d9f6,.,com.aliyun.tair.tests.tairhash.TairHashPipelineTest.exhpexpireAtWithNoActivePipeline,NOD,,,
https://github.com/alibaba/alibabacloud-tairjedis-sdk,f6215930b9e21a5252c95296d9924b3c4524d9f6,.,com.aliyun.tair.tests.tairhash.TairHashPipelineTest.exhpexpireWithNoActivePipeline,NOD,,,
https://github.com/alibaba/alibabacloud-tairjedis-sdk,f6215930b9e21a5252c95296d9924b3c4524d9f6,.,com.aliyun.tair.tests.tairhash.TairHashPipelineTest.exhsetwitnoactivePipeline,NOD,,,
https://github.com/alibaba/alibabacloud-tairjedis-sdk,f6215930b9e21a5252c95296d9924b3c4524d9f6,.,com.aliyun.tair.tests.tairhash.TairHashPipelineTest.tairHashPipelineTest,NOD,,,
https://github.com/alibaba/alibabacloud-tairjedis-sdk,f6215930b9e21a5252c95296d9924b3c4524d9f6,.,com.aliyun.tair.tests.tairhash.TairHashTest.exhashBigKey,NOD,,,
https://github.com/alibaba/alibabacloud-tairjedis-sdk,f6215930b9e21a5252c95296d9924b3c4524d9f6,.,com.aliyun.tair.tests.tairhash.TairHashTest.exhdel,NOD,,,
https://github.com/alibaba/alibabacloud-tairjedis-sdk,f6215930b9e21a5252c95296d9924b3c4524d9f6,.,com.aliyun.tair.tests.tairhash.TairHashTest.exhdelException,NOD,,,
https://github.com/alibaba/alibabacloud-tairjedis-sdk,f6215930b9e21a5252c95296d9924b3c4524d9f6,.,com.aliyun.tair.tests.tairhash.TairHashTest.exhexistsException,NOD,,,
https://github.com/alibaba/alibabacloud-tairjedis-sdk,f6215930b9e21a5252c95296d9924b3c4524d9f6,.,com.aliyun.tair.tests.tairhash.TairHashTest.exhexpireAt,NOD,,,
https://github.com/alibaba/alibabacloud-tairjedis-sdk,f6215930b9e21a5252c95296d9924b3c4524d9f6,.,com.aliyun.tair.tests.tairhash.TairHashTest.exhexpireatException,NOD,,,
https://github.com/alibaba/alibabacloud-tairjedis-sdk,f6215930b9e21a5252c95296d9924b3c4524d9f6,.,com.aliyun.tair.tests.tairhash.TairHashTest.exhexpireException,NOD,,,
https://github.com/alibaba/alibabacloud-tairjedis-sdk,f6215930b9e21a5252c95296d9924b3c4524d9f6,.,com.aliyun.tair.tests.tairhash.TairHashTest.exhexpireWithNoActive,NOD,,,
https://github.com/alibaba/alibabacloud-tairjedis-sdk,f6215930b9e21a5252c95296d9924b3c4524d9f6,.,com.aliyun.tair.tests.tairhash.TairHashTest.exhget,NOD,,,
https://github.com/alibaba/alibabacloud-tairjedis-sdk,f6215930b9e21a5252c95296d9924b3c4524d9f6,.,com.aliyun.tair.tests.tairhash.TairHashTest.exhgetAll,NOD,,,
https://github.com/alibaba/alibabacloud-tairjedis-sdk,f6215930b9e21a5252c95296d9924b3c4524d9f6,.,com.aliyun.tair.tests.tairhash.TairHashTest.exhgetAllException,NOD,,,
https://github.com/alibaba/alibabacloud-tairjedis-sdk,f6215930b9e21a5252c95296d9924b3c4524d9f6,.,com.aliyun.tair.tests.tairhash.TairHashTest.exhgetallException,NOD,,,
https://github.com/alibaba/alibabacloud-tairjedis-sdk,f6215930b9e21a5252c95296d9924b3c4524d9f6,.,com.aliyun.tair.tests.tairhash.TairHashTest.exhgetException,NOD,,,
https://github.com/alibaba/alibabacloud-tairjedis-sdk,f6215930b9e21a5252c95296d9924b3c4524d9f6,.,com.aliyun.tair.tests.tairhash.TairHashTest.exhgetwithver,NOD,,,
https://github.com/alibaba/alibabacloud-tairjedis-sdk,f6215930b9e21a5252c95296d9924b3c4524d9f6,.,com.aliyun.tair.tests.tairhash.TairHashTest.exhgetwithverException,NOD,,,
https://github.com/alibaba/alibabacloud-tairjedis-sdk,f6215930b9e21a5252c95296d9924b3c4524d9f6,.,com.aliyun.tair.tests.tairhash.TairHashTest.exhgetwithverPipeline,NOD,,,
https://github.com/alibaba/alibabacloud-tairjedis-sdk,f6215930b9e21a5252c95296d9924b3c4524d9f6,.,com.aliyun.tair.tests.tairhash.TairHashTest.exhincrBy,NOD,,,
https://github.com/alibaba/alibabacloud-tairjedis-sdk,f6215930b9e21a5252c95296d9924b3c4524d9f6,.,com.aliyun.tair.tests.tairhash.TairHashTest.exhincrbyException,NOD,,,
https://github.com/alibaba/alibabacloud-tairjedis-sdk,f6215930b9e21a5252c95296d9924b3c4524d9f6,.,com.aliyun.tair.tests.tairhash.TairHashTest.exhincrByFloat,NOD,,,
https://github.com/alibaba/alibabacloud-tairjedis-sdk,f6215930b9e21a5252c95296d9924b3c4524d9f6,.,com.aliyun.tair.tests.tairhash.TairHashTest.exhincrbyfloatException,NOD,,,
https://github.com/alibaba/alibabacloud-tairjedis-sdk,f6215930b9e21a5252c95296d9924b3c4524d9f6,.,com.aliyun.tair.tests.tairhash.TairHashTest.exhincrByFloatWithBoundary,NOD,,,
https://github.com/alibaba/alibabacloud-tairjedis-sdk,f6215930b9e21a5252c95296d9924b3c4524d9f6,.,com.aliyun.tair.tests.tairhash.TairHashTest.exhincrByFloatWithExpire,NOD,,,
https://github.com/alibaba/alibabacloud-tairjedis-sdk,f6215930b9e21a5252c95296d9924b3c4524d9f6,.,com.aliyun.tair.tests.tairhash.TairHashTest.exhincrByFloatWithVersion,NOD,,,
https://github.com/alibaba/alibabacloud-tairjedis-sdk,f6215930b9e21a5252c95296d9924b3c4524d9f6,.,com.aliyun.tair.tests.tairhash.TairHashTest.exhincrByWithBoundary,NOD,,,
https://github.com/alibaba/alibabacloud-tairjedis-sdk,f6215930b9e21a5252c95296d9924b3c4524d9f6,.,com.aliyun.tair.tests.tairhash.TairHashTest.exhincrByWithExpire,NOD,,,
https://github.com/alibaba/alibabacloud-tairjedis-sdk,f6215930b9e21a5252c95296d9924b3c4524d9f6,.,com.aliyun.tair.tests.tairhash.TairHashTest.exhincrByWithVersion,NOD,,,
https://github.com/alibaba/alibabacloud-tairjedis-sdk,f6215930b9e21a5252c95296d9924b3c4524d9f6,.,com.aliyun.tair.tests.tairhash.TairHashTest.exhkeys,NOD,,,
https://github.com/alibaba/alibabacloud-tairjedis-sdk,f6215930b9e21a5252c95296d9924b3c4524d9f6,.,com.aliyun.tair.tests.tairhash.TairHashTest.exhlen,NOD,,,
https://github.com/alibaba/alibabacloud-tairjedis-sdk,f6215930b9e21a5252c95296d9924b3c4524d9f6,.,com.aliyun.tair.tests.tairhash.TairHashTest.exhmgetException,NOD,,,
https://github.com/alibaba/alibabacloud-tairjedis-sdk,f6215930b9e21a5252c95296d9924b3c4524d9f6,.,com.aliyun.tair.tests.tairhash.TairHashTest.exhmset,NOD,,,
https://github.com/alibaba/alibabacloud-tairjedis-sdk,f6215930b9e21a5252c95296d9924b3c4524d9f6,.,com.aliyun.tair.tests.tairhash.TairHashTest.exhmsetwithoptsException,NOD,,,
https://github.com/alibaba/alibabacloud-tairjedis-sdk,f6215930b9e21a5252c95296d9924b3c4524d9f6,.,com.aliyun.tair.tests.tairhash.TairHashTest.exhpexpireatException,NOD,,,
https://github.com/alibaba/alibabacloud-tairjedis-sdk,f6215930b9e21a5252c95296d9924b3c4524d9f6,.,com.aliyun.tair.tests.tairhash.TairHashTest.exhpexpireException,NOD,,,
https://github.com/alibaba/alibabacloud-tairjedis-sdk,f6215930b9e21a5252c95296d9924b3c4524d9f6,.,com.aliyun.tair.tests.tairhash.TairHashTest.exhscanException,NOD,,,
https://github.com/alibaba/alibabacloud-tairjedis-sdk,f6215930b9e21a5252c95296d9924b3c4524d9f6,.,com.aliyun.tair.tests.tairhash.TairHashTest.exhscanunorderTest,NOD,,,
https://github.com/alibaba/alibabacloud-tairjedis-sdk,f6215930b9e21a5252c95296d9924b3c4524d9f6,.,com.aliyun.tair.tests.tairhash.TairHashTest.exhscanunorderWithParamsTest,NOD,,,
https://github.com/alibaba/alibabacloud-tairjedis-sdk,f6215930b9e21a5252c95296d9924b3c4524d9f6,.,com.aliyun.tair.tests.tairhash.TairHashTest.exhset,NOD,,,
https://github.com/alibaba/alibabacloud-tairjedis-sdk,f6215930b9e21a5252c95296d9924b3c4524d9f6,.,com.aliyun.tair.tests.tairhash.TairHashTest.exhsetException,NOD,,,
https://github.com/alibaba/alibabacloud-tairjedis-sdk,f6215930b9e21a5252c95296d9924b3c4524d9f6,.,com.aliyun.tair.tests.tairhash.TairHashTest.exhsetnx,NOD,,,
https://github.com/alibaba/alibabacloud-tairjedis-sdk,f6215930b9e21a5252c95296d9924b3c4524d9f6,.,com.aliyun.tair.tests.tairhash.TairHashTest.exhstrlenException,NOD,,,
https://github.com/alibaba/alibabacloud-tairjedis-sdk,f6215930b9e21a5252c95296d9924b3c4524d9f6,.,com.aliyun.tair.tests.tairhash.TairHashTest.exhttl,NOD,,,
https://github.com/alibaba/alibabacloud-tairjedis-sdk,f6215930b9e21a5252c95296d9924b3c4524d9f6,.,com.aliyun.tair.tests.tairhash.TairHashTest.exhttlException,NOD,,,
https://github.com/alibaba/alibabacloud-tairjedis-sdk,f6215930b9e21a5252c95296d9924b3c4524d9f6,.,com.aliyun.tair.tests.tairhash.TairHashTest.exhvals,NOD,,,
https://github.com/alibaba/alibabacloud-tairjedis-sdk,f6215930b9e21a5252c95296d9924b3c4524d9f6,.,com.aliyun.tair.tests.tairhash.TairHashTest.exhvalsException,NOD,,,
https://github.com/alibaba/alibabacloud-tairjedis-sdk,f6215930b9e21a5252c95296d9924b3c4524d9f6,.,com.aliyun.tair.tests.tairroaring.TairRoaringClusterTest.trbitrangeingtest,NOD,,,
https://github.com/alibaba/alibabacloud-tairjedis-sdk,f6215930b9e21a5252c95296d9924b3c4524d9f6,.,com.aliyun.tair.tests.tairroaring.TairRoaringClusterTest.trbitstests,NOD,,,
https://github.com/alibaba/alibabacloud-tairjedis-sdk,f6215930b9e21a5252c95296d9924b3c4524d9f6,.,com.aliyun.tair.tests.tairroaring.TairRoaringPipelineTest.tairroaringtest,NOD,,,
https://github.com/alibaba/alibabacloud-tairjedis-sdk,f6215930b9e21a5252c95296d9924b3c4524d9f6,.,com.aliyun.tair.tests.tairroaring.TairRoaringPipelineTest.trbitoptest,NOD,,,
https://github.com/alibaba/alibabacloud-tairjedis-sdk,f6215930b9e21a5252c95296d9924b3c4524d9f6,.,com.aliyun.tair.tests.tairroaring.TairRoaringPipelineTest.trbitsrange_mixedtest,NOD,,,
https://github.com/alibaba/alibabacloud-tairjedis-sdk,f6215930b9e21a5252c95296d9924b3c4524d9f6,.,com.aliyun.tair.tests.tairroaring.TairRoaringTest.trbitoptest,NOD,,,
https://github.com/alibaba/alibabacloud-tairjedis-sdk,f6215930b9e21a5252c95296d9924b3c4524d9f6,.,com.aliyun.tair.tests.tairroaring.TairRoaringTest.trbitrangeing_mixed_test,NOD,,,
https://github.com/alibaba/alibabacloud-tairjedis-sdk,f6215930b9e21a5252c95296d9924b3c4524d9f6,.,com.aliyun.tair.tests.tairroaring.TairRoaringTest.trbits_mixed_test,NOD,,,
https://github.com/alibaba/alibabacloud-tairjedis-sdk,f6215930b9e21a5252c95296d9924b3c4524d9f6,.,com.aliyun.tair.tests.tairroaring.TairRoaringTest.trbit_mixed_test,NOD,,,
https://github.com/alibaba/alibabacloud-tairjedis-sdk,f6215930b9e21a5252c95296d9924b3c4524d9f6,.,com.aliyun.tair.tests.tairroaring.TairRoaringTest.trloadstringtest,NOD,,,
https://github.com/alibaba/alibabacloud-tairjedis-sdk,f6215930b9e21a5252c95296d9924b3c4524d9f6,.,com.aliyun.tair.tests.tairroaring.TairRoaringTest.trscantest,NOD,,,
https://github.com/alibaba/alibabacloud-tairjedis-sdk,f6215930b9e21a5252c95296d9924b3c4524d9f6,.,com.aliyun.tair.tests.tairroaring.TairRoaringTest.trstatus_mixed_test,NOD,,,
https://github.com/alibaba/alibabacloud-tairjedis-sdk,f6215930b9e21a5252c95296d9924b3c4524d9f6,.,com.aliyun.tair.tests.tairsearch.TairSearchClusterTest.searchcachetest,NOD,,,
https://github.com/alibaba/alibabacloud-tairjedis-sdk,f6215930b9e21a5252c95296d9924b3c4524d9f6,.,com.aliyun.tair.tests.tairsearch.TairSearchClusterTest.tfdeldoc,NOD,,,
https://github.com/alibaba/alibabacloud-tairjedis-sdk,f6215930b9e21a5252c95296d9924b3c4524d9f6,.,com.aliyun.tair.tests.tairsearch.TairSearchClusterTest.tfincrfloatdocfield,NOD,,,
https://github.com/alibaba/alibabacloud-tairjedis-sdk,f6215930b9e21a5252c95296d9924b3c4524d9f6,.,com.aliyun.tair.tests.tairsearch.TairSearchClusterTest.tfincrlongdocfield,NOD,,,
https://github.com/alibaba/alibabacloud-tairjedis-sdk,f6215930b9e21a5252c95296d9924b3c4524d9f6,.,com.aliyun.tair.tests.tairsearch.TairSearchClusterTest.tfscandocid,NOD,,,
https://github.com/alibaba/alibabacloud-tairjedis-sdk,f6215930b9e21a5252c95296d9924b3c4524d9f6,.,com.aliyun.tair.tests.tairsearch.TairSearchClusterTest.tfscandocidwithmatch,NOD,,,
https://github.com/alibaba/alibabacloud-tairjedis-sdk,f6215930b9e21a5252c95296d9924b3c4524d9f6,.,com.aliyun.tair.tests.tairsearch.TairSearchClusterTest.tftcreateindex,NOD,,,
https://github.com/alibaba/alibabacloud-tairjedis-sdk,f6215930b9e21a5252c95296d9924b3c4524d9f6,.,com.aliyun.tair.tests.tairsearch.TairSearchClusterTest.tftdeldocfield,NOD,,,
https://github.com/alibaba/alibabacloud-tairjedis-sdk,f6215930b9e21a5252c95296d9924b3c4524d9f6,.,com.aliyun.tair.tests.tairsearch.TairSearchClusterTest.tftmaddteststring,NOD,,,
https://github.com/alibaba/alibabacloud-tairjedis-sdk,f6215930b9e21a5252c95296d9924b3c4524d9f6,.,com.aliyun.tair.tests.tairsearch.TairSearchClusterTest.tfupdatedocfield,NOD,,,
https://github.com/alibaba/alibabacloud-tairjedis-sdk,f6215930b9e21a5252c95296d9924b3c4524d9f6,.,com.aliyun.tair.tests.tairsearch.TairSearchPipelineTest.tftmaddtest,NOD,,,
https://github.com/alibaba/alibabacloud-tairjedis-sdk,f6215930b9e21a5252c95296d9924b3c4524d9f6,.,com.aliyun.tair.tests.tairsearch.TairSearchPipelineTest.tfttest,NOD,,,
https://github.com/alibaba/alibabacloud-tairjedis-sdk,f6215930b9e21a5252c95296d9924b3c4524d9f6,.,com.aliyun.tair.tests.tairsearch.TairSearchTest.searchcachetest,NOD,,,
https://github.com/alibaba/alibabacloud-tairjedis-sdk,f6215930b9e21a5252c95296d9924b3c4524d9f6,.,com.aliyun.tair.tests.tairsearch.TairSearchTest.tfdelall,NOD,,,
https://github.com/alibaba/alibabacloud-tairjedis-sdk,f6215930b9e21a5252c95296d9924b3c4524d9f6,.,com.aliyun.tair.tests.tairsearch.TairSearchTest.tfdeldoc,NOD,,,
https://github.com/alibaba/alibabacloud-tairjedis-sdk,f6215930b9e21a5252c95296d9924b3c4524d9f6,.,com.aliyun.tair.tests.tairsearch.TairSearchTest.tfincrlongdocfield,NOD,,,
https://github.com/alibaba/alibabacloud-tairjedis-sdk,f6215930b9e21a5252c95296d9924b3c4524d9f6,.,com.aliyun.tair.tests.tairsearch.TairSearchTest.tfscandocid,NOD,,,
https://github.com/alibaba/alibabacloud-tairjedis-sdk,f6215930b9e21a5252c95296d9924b3c4524d9f6,.,com.aliyun.tair.tests.tairsearch.TairSearchTest.tfscandocidwithcount,NOD,,,
https://github.com/alibaba/alibabacloud-tairjedis-sdk,f6215930b9e21a5252c95296d9924b3c4524d9f6,.,com.aliyun.tair.tests.tairsearch.TairSearchTest.tftcreateindex,NOD,,,
https://github.com/alibaba/alibabacloud-tairjedis-sdk,f6215930b9e21a5252c95296d9924b3c4524d9f6,.,com.aliyun.tair.tests.tairsearch.TairSearchTest.tftdeldocfield,NOD,,,
https://github.com/alibaba/alibabacloud-tairjedis-sdk,f6215930b9e21a5252c95296d9924b3c4524d9f6,.,com.aliyun.tair.tests.tairsearch.TairSearchTest.tftmaddtestbyte,NOD,,,
https://github.com/alibaba/alibabacloud-tairjedis-sdk,f6215930b9e21a5252c95296d9924b3c4524d9f6,.,com.aliyun.tair.tests.tairsearch.TairSearchTest.tftmaddteststring,NOD,,,
https://github.com/alibaba/alibabacloud-tairjedis-sdk,f6215930b9e21a5252c95296d9924b3c4524d9f6,.,com.aliyun.tair.tests.tairsearch.TairSearchTest.tftupdateindex,NOD,,,
https://github.com/alibaba/alibabacloud-tairjedis-sdk,f6215930b9e21a5252c95296d9924b3c4524d9f6,.,com.aliyun.tair.tests.tairsearch.TairSearchTest.unicodetest,NOD,,,
https://github.com/alibaba/alibabacloud-tairjedis-sdk,f6215930b9e21a5252c95296d9924b3c4524d9f6,.,com.aliyun.tair.tests.tairstring.TairStringClusterTest.excadTest,NOD,,,
https://github.com/alibaba/alibabacloud-tairjedis-sdk,f6215930b9e21a5252c95296d9924b3c4524d9f6,.,com.aliyun.tair.tests.tairstring.TairStringClusterTest.excasTest,NOD,,,
https://github.com/alibaba/alibabacloud-tairjedis-sdk,f6215930b9e21a5252c95296d9924b3c4524d9f6,.,com.aliyun.tair.tests.tairstring.TairStringClusterTest.exincrbyfloatParamsTest,NOD,,,
https://github.com/alibaba/alibabacloud-tairjedis-sdk,f6215930b9e21a5252c95296d9924b3c4524d9f6,.,com.aliyun.tair.tests.tairstring.TairStringClusterTest.exincrbyfloatTest,NOD,,,
https://github.com/alibaba/alibabacloud-tairjedis-sdk,f6215930b9e21a5252c95296d9924b3c4524d9f6,.,com.aliyun.tair.tests.tairstring.TairStringClusterTest.exincrbyTest,NOD,,,
https://github.com/alibaba/alibabacloud-tairjedis-sdk,f6215930b9e21a5252c95296d9924b3c4524d9f6,.,com.aliyun.tair.tests.tairstring.TairStringClusterTest.exsetClusterTest,NOD,,,
https://github.com/alibaba/alibabacloud-tairjedis-sdk,f6215930b9e21a5252c95296d9924b3c4524d9f6,.,com.aliyun.tair.tests.tairstring.TairStringClusterTest.exsetParamsTest,NOD,,,
https://github.com/alibaba/alibabacloud-tairjedis-sdk,f6215930b9e21a5252c95296d9924b3c4524d9f6,.,com.aliyun.tair.tests.tairstring.TairStringPipelineTest.excadPipelineTest,NOD,,,
https://github.com/alibaba/alibabacloud-tairjedis-sdk,f6215930b9e21a5252c95296d9924b3c4524d9f6,.,com.aliyun.tair.tests.tairstring.TairStringPipelineTest.excasPipelineTest,NOD,,,
https://github.com/alibaba/alibabacloud-tairjedis-sdk,f6215930b9e21a5252c95296d9924b3c4524d9f6,.,com.aliyun.tair.tests.tairstring.TairStringPipelineTest.exincrbyfloatParamsPipelineTest,NOD,,,
https://github.com/alibaba/alibabacloud-tairjedis-sdk,f6215930b9e21a5252c95296d9924b3c4524d9f6,.,com.aliyun.tair.tests.tairstring.TairStringPipelineTest.exincrbyfloatPipelineTest,NOD,,,
https://github.com/alibaba/alibabacloud-tairjedis-sdk,f6215930b9e21a5252c95296d9924b3c4524d9f6,.,com.aliyun.tair.tests.tairstring.TairStringPipelineTest.exsetParamsPipelineTest,NOD,,,
https://github.com/alibaba/alibabacloud-tairjedis-sdk,f6215930b9e21a5252c95296d9924b3c4524d9f6,.,com.aliyun.tair.tests.tairstring.TairStringPipelineTest.exsetPipelineTest,NOD,,,
https://github.com/alibaba/alibabacloud-tairjedis-sdk,f6215930b9e21a5252c95296d9924b3c4524d9f6,.,com.aliyun.tair.tests.tairstring.TairStringPipelineTest.exsetverPipelineTest,NOD,,,
https://github.com/alibaba/alibabacloud-tairjedis-sdk,f6215930b9e21a5252c95296d9924b3c4524d9f6,.,com.aliyun.tair.tests.tairstring.TairStringTest.excadTest,NOD,,,
https://github.com/alibaba/alibabacloud-tairjedis-sdk,f6215930b9e21a5252c95296d9924b3c4524d9f6,.,com.aliyun.tair.tests.tairstring.TairStringTest.excasTest,NOD,,,
https://github.com/alibaba/alibabacloud-tairjedis-sdk,f6215930b9e21a5252c95296d9924b3c4524d9f6,.,com.aliyun.tair.tests.tairstring.TairStringTest.exincrbyfloatParamsTest,NOD,,,
https://github.com/alibaba/alibabacloud-tairjedis-sdk,f6215930b9e21a5252c95296d9924b3c4524d9f6,.,com.aliyun.tair.tests.tairstring.TairStringTest.exincrbyTest,NOD,,,
https://github.com/alibaba/alibabacloud-tairjedis-sdk,f6215930b9e21a5252c95296d9924b3c4524d9f6,.,com.aliyun.tair.tests.tairstring.TairStringTest.exsetTest,NOD,,,
https://github.com/alibaba/alibabacloud-tairjedis-sdk,f6215930b9e21a5252c95296d9924b3c4524d9f6,.,com.aliyun.tair.tests.tairts.TairTsPipelineTest.extsaddTest,NOD,,,
https://github.com/alibaba/alibabacloud-tairjedis-sdk,f6215930b9e21a5252c95296d9924b3c4524d9f6,.,com.aliyun.tair.tests.tairts.TairTsStringClusterTest.extsStringAddTest,NOD,,,
https://github.com/alibaba/alibabacloud-tairjedis-sdk,f6215930b9e21a5252c95296d9924b3c4524d9f6,.,com.aliyun.tair.tests.tairts.TairTsStringClusterTest.extsStringRangeTest,NOD,,,
https://github.com/alibaba/alibabacloud-tairjedis-sdk,f6215930b9e21a5252c95296d9924b3c4524d9f6,.,com.aliyun.tair.tests.tairts.TairTsStringTest.extsaddAlterTest,NOD,,,
https://github.com/alibaba/alibabacloud-tairjedis-sdk,f6215930b9e21a5252c95296d9924b3c4524d9f6,.,com.aliyun.tair.tests.tairts.TairTsStringTest.extsmaddTest,NOD,,,
https://github.com/alibaba/alibabacloud-tairjedis-sdk,f6215930b9e21a5252c95296d9924b3c4524d9f6,.,com.aliyun.tair.tests.tairts.TairTsStringTest.extsmrangeByteTest,NOD,,,
https://github.com/alibaba/alibabacloud-tairjedis-sdk,f6215930b9e21a5252c95296d9924b3c4524d9f6,.,com.aliyun.tair.tests.tairts.TairTsStringTest.extsmrangeLabelsByteTest,NOD,,,
https://github.com/alibaba/alibabacloud-tairjedis-sdk,f6215930b9e21a5252c95296d9924b3c4524d9f6,.,com.aliyun.tair.tests.tairts.TairTsStringTest.extsmrangeLabelsTest,NOD,,,
https://github.com/alibaba/alibabacloud-tairjedis-sdk,f6215930b9e21a5252c95296d9924b3c4524d9f6,.,com.aliyun.tair.tests.tairts.TairTsStringTest.extsmrangeTest,NOD,,,
https://github.com/alibaba/alibabacloud-tairjedis-sdk,f6215930b9e21a5252c95296d9924b3c4524d9f6,.,com.aliyun.tair.tests.tairts.TairTsStringTest.extsqueryTest,NOD,,,
https://github.com/alibaba/alibabacloud-tairjedis-sdk,f6215930b9e21a5252c95296d9924b3c4524d9f6,.,com.aliyun.tair.tests.tairts.TairTsStringTest.extsrangeTest,NOD,,,
https://github.com/alibaba/alibabacloud-tairjedis-sdk,f6215930b9e21a5252c95296d9924b3c4524d9f6,.,com.aliyun.tair.tests.tairts.TairTsTest.extsaddTest,NOD,,,
https://github.com/alibaba/alibabacloud-tairjedis-sdk,f6215930b9e21a5252c95296d9924b3c4524d9f6,.,com.aliyun.tair.tests.tairts.TairTsTest.extsAlterTest,NOD,,,
https://github.com/alibaba/alibabacloud-tairjedis-sdk,f6215930b9e21a5252c95296d9924b3c4524d9f6,.,com.aliyun.tair.tests.tairts.TairTsTest.extsmaddTest,NOD,,,
https://github.com/alibaba/alibabacloud-tairjedis-sdk,f6215930b9e21a5252c95296d9924b3c4524d9f6,.,com.aliyun.tair.tests.tairts.TairTsTest.extsmrangeByteTest,NOD,,,
https://github.com/alibaba/alibabacloud-tairjedis-sdk,f6215930b9e21a5252c95296d9924b3c4524d9f6,.,com.aliyun.tair.tests.tairts.TairTsTest.extsmrangeKeysByteTest,NOD,,,
https://github.com/alibaba/alibabacloud-tairjedis-sdk,f6215930b9e21a5252c95296d9924b3c4524d9f6,.,com.aliyun.tair.tests.tairts.TairTsTest.extsmrangeKeysTest,NOD,,,
https://github.com/alibaba/alibabacloud-tairjedis-sdk,f6215930b9e21a5252c95296d9924b3c4524d9f6,.,com.aliyun.tair.tests.tairts.TairTsTest.extsmrangeLabelsByteTest,NOD,,,
https://github.com/alibaba/alibabacloud-tairjedis-sdk,f6215930b9e21a5252c95296d9924b3c4524d9f6,.,com.aliyun.tair.tests.tairts.TairTsTest.extsmrangeLabelsTest,NOD,,,
https://github.com/alibaba/alibabacloud-tairjedis-sdk,f6215930b9e21a5252c95296d9924b3c4524d9f6,.,com.aliyun.tair.tests.tairts.TairTsTest.extsmrangeSkeysLabelsByteTest,NOD,,,
https://github.com/alibaba/alibabacloud-tairjedis-sdk,f6215930b9e21a5252c95296d9924b3c4524d9f6,.,com.aliyun.tair.tests.tairts.TairTsTest.extsprangeAggregationSkeyTest,NOD,,,
https://github.com/alibaba/alibabacloud-tairjedis-sdk,f6215930b9e21a5252c95296d9924b3c4524d9f6,.,com.aliyun.tair.tests.tairts.TairTsTest.extsprangeTest,NOD,,,
https://github.com/alibaba/alibabacloud-tairjedis-sdk,f6215930b9e21a5252c95296d9924b3c4524d9f6,.,com.aliyun.tair.tests.tairts.TairTsTest.extsqueryTest,NOD,,,
https://github.com/alibaba/alibabacloud-tairjedis-sdk,f6215930b9e21a5252c95296d9924b3c4524d9f6,.,com.aliyun.tair.tests.tairts.TairTsTest.extsRawMIncrTest,NOD,,,
https://github.com/alibaba/alibabacloud-tairjedis-sdk,f6215930b9e21a5252c95296d9924b3c4524d9f6,.,com.aliyun.tair.tests.tairvector.TairVectorClusterTest.tvs_create_index_test,NOD,,,
https://github.com/alibaba/alibabacloud-tairjedis-sdk,f6215930b9e21a5252c95296d9924b3c4524d9f6,.,com.aliyun.tair.tests.tairvector.TairVectorClusterTest.tvs_del,NOD,,,
https://github.com/alibaba/alibabacloud-tairjedis-sdk,f6215930b9e21a5252c95296d9924b3c4524d9f6,.,com.aliyun.tair.tests.tairvector.TairVectorClusterTest.tvs_del_index,NOD,,,
https://github.com/alibaba/alibabacloud-tairjedis-sdk,f6215930b9e21a5252c95296d9924b3c4524d9f6,.,com.aliyun.tair.tests.tairvector.TairVectorClusterTest.tvs_get_index,NOD,,,
https://github.com/alibaba/alibabacloud-tairjedis-sdk,f6215930b9e21a5252c95296d9924b3c4524d9f6,.,com.aliyun.tair.tests.tairvector.TairVectorClusterTest.tvs_hdel,NOD,,,
https://github.com/alibaba/alibabacloud-tairjedis-sdk,f6215930b9e21a5252c95296d9924b3c4524d9f6,.,com.aliyun.tair.tests.tairvector.TairVectorClusterTest.tvs_hgetall,NOD,,,
https://github.com/alibaba/alibabacloud-tairjedis-sdk,f6215930b9e21a5252c95296d9924b3c4524d9f6,.,com.aliyun.tair.tests.tairvector.TairVectorClusterTest.tvs_hmgetall,NOD,,,
https://github.com/alibaba/alibabacloud-tairjedis-sdk,f6215930b9e21a5252c95296d9924b3c4524d9f6,.,com.aliyun.tair.tests.tairvector.TairVectorClusterTest.tvs_hset,NOD,,,
https://github.com/alibaba/alibabacloud-tairjedis-sdk,f6215930b9e21a5252c95296d9924b3c4524d9f6,.,com.aliyun.tair.tests.tairvector.TairVectorClusterTest.tvs_knnsearch,NOD,,,
https://github.com/alibaba/alibabacloud-tairjedis-sdk,f6215930b9e21a5252c95296d9924b3c4524d9f6,.,com.aliyun.tair.tests.tairvector.TairVectorClusterTest.tvs_mknnsearch_with_params,NOD,,,
https://github.com/alibaba/alibabacloud-tairjedis-sdk,f6215930b9e21a5252c95296d9924b3c4524d9f6,.,com.aliyun.tair.tests.tairvector.TairVectorClusterTest.tvs_scan,NOD,,,
https://github.com/alibaba/alibabacloud-tairjedis-sdk,f6215930b9e21a5252c95296d9924b3c4524d9f6,.,com.aliyun.tair.tests.tairvector.TairVectorClusterTest.tvs_scan_index,NOD,,,
https://github.com/alibaba/alibabacloud-tairjedis-sdk,f6215930b9e21a5252c95296d9924b3c4524d9f6,.,com.aliyun.tair.tests.tairvector.TairVectorPipelineTest.tvs_create_index_test,NOD,,,
https://github.com/alibaba/alibabacloud-tairjedis-sdk,f6215930b9e21a5252c95296d9924b3c4524d9f6,.,com.aliyun.tair.tests.tairvector.TairVectorPipelineTest.tvs_del,NOD,,,
https://github.com/alibaba/alibabacloud-tairjedis-sdk,f6215930b9e21a5252c95296d9924b3c4524d9f6,.,com.aliyun.tair.tests.tairvector.TairVectorPipelineTest.tvs_del_index,NOD,,,
https://github.com/alibaba/alibabacloud-tairjedis-sdk,f6215930b9e21a5252c95296d9924b3c4524d9f6,.,com.aliyun.tair.tests.tairvector.TairVectorPipelineTest.tvs_hdel,NOD,,,
https://github.com/alibaba/alibabacloud-tairjedis-sdk,f6215930b9e21a5252c95296d9924b3c4524d9f6,.,com.aliyun.tair.tests.tairvector.TairVectorPipelineTest.tvs_hmgetall,NOD,,,
https://github.com/alibaba/alibabacloud-tairjedis-sdk,f6215930b9e21a5252c95296d9924b3c4524d9f6,.,com.aliyun.tair.tests.tairvector.TairVectorPipelineTest.tvs_knnsearch,NOD,,,
https://github.com/alibaba/alibabacloud-tairjedis-sdk,f6215930b9e21a5252c95296d9924b3c4524d9f6,.,com.aliyun.tair.tests.tairvector.TairVectorPipelineTest.tvs_knnsearch_filter,NOD,,,
https://github.com/alibaba/alibabacloud-tairjedis-sdk,f6215930b9e21a5252c95296d9924b3c4524d9f6,.,com.aliyun.tair.tests.tairvector.TairVectorPipelineTest.tvs_mknnsearch,NOD,,,
https://github.com/alibaba/alibabacloud-tairjedis-sdk,f6215930b9e21a5252c95296d9924b3c4524d9f6,.,com.aliyun.tair.tests.tairvector.TairVectorPipelineTest.tvs_mknnsearch_filter,NOD,,,
https://github.com/alibaba/alibabacloud-tairjedis-sdk,f6215930b9e21a5252c95296d9924b3c4524d9f6,.,com.aliyun.tair.tests.tairvector.TairVectorPipelineTest.tvs_mknnsearch_with_params,NOD,,,
https://github.com/alibaba/alibabacloud-tairjedis-sdk,f6215930b9e21a5252c95296d9924b3c4524d9f6,.,com.aliyun.tair.tests.tairvector.TairVectorPipelineTest.tvs_scan_index,NOD,,,
https://github.com/alibaba/alibabacloud-tairjedis-sdk,f6215930b9e21a5252c95296d9924b3c4524d9f6,.,com.aliyun.tair.tests.tairvector.TairVectorTest.tvs_del,NOD,,,
https://github.com/alibaba/alibabacloud-tairjedis-sdk,f6215930b9e21a5252c95296d9924b3c4524d9f6,.,com.aliyun.tair.tests.tairvector.TairVectorTest.tvs_get_index,NOD,,,
https://github.com/alibaba/alibabacloud-tairjedis-sdk,f6215930b9e21a5252c95296d9924b3c4524d9f6,.,com.aliyun.tair.tests.tairvector.TairVectorTest.tvs_hdel,NOD,,,
https://github.com/alibaba/alibabacloud-tairjedis-sdk,f6215930b9e21a5252c95296d9924b3c4524d9f6,.,com.aliyun.tair.tests.tairvector.TairVectorTest.tvs_hmgetall,NOD,,,
https://github.com/alibaba/alibabacloud-tairjedis-sdk,f6215930b9e21a5252c95296d9924b3c4524d9f6,.,com.aliyun.tair.tests.tairvector.TairVectorTest.tvs_hset,NOD,,,
https://github.com/alibaba/alibabacloud-tairjedis-sdk,f6215930b9e21a5252c95296d9924b3c4524d9f6,.,com.aliyun.tair.tests.tairvector.TairVectorTest.tvs_hset_data_bin,NOD,,,
https://github.com/alibaba/alibabacloud-tairjedis-sdk,f6215930b9e21a5252c95296d9924b3c4524d9f6,.,com.aliyun.tair.tests.tairvector.TairVectorTest.tvs_knnsearch,NOD,,,
https://github.com/alibaba/alibabacloud-tairjedis-sdk,f6215930b9e21a5252c95296d9924b3c4524d9f6,.,com.aliyun.tair.tests.tairvector.TairVectorTest.tvs_knnsearch_with_filter,NOD,,,
https://github.com/alibaba/alibabacloud-tairjedis-sdk,f6215930b9e21a5252c95296d9924b3c4524d9f6,.,com.aliyun.tair.tests.tairvector.TairVectorTest.tvs_mknnsearch_with_params,NOD,,,
https://github.com/alibaba/alibabacloud-tairjedis-sdk,f6215930b9e21a5252c95296d9924b3c4524d9f6,.,com.aliyun.tair.tests.tairvector.TairVectorTest.tvs_scan,NOD,,,
https://github.com/alibaba/alibabacloud-tairjedis-sdk,f6215930b9e21a5252c95296d9924b3c4524d9f6,.,com.aliyun.tair.tests.tairvector.TairVectorTest.tvs_scan_index,NOD,,,
https://github.com/alibaba/alibabacloud-tairjedis-sdk,f6215930b9e21a5252c95296d9924b3c4524d9f6,.,com.aliyun.tair.tests.tairzset.TairZsetPipelineTest.exzbasic,NOD,,,
https://github.com/alibaba/alibabacloud-tairjedis-sdk,f6215930b9e21a5252c95296d9924b3c4524d9f6,.,com.aliyun.tair.tests.tairzset.TairZsetTest.zadd,NOD,,,
https://github.com/alibaba/alibabacloud-tairjedis-sdk,f6215930b9e21a5252c95296d9924b3c4524d9f6,.,com.aliyun.tair.tests.tairzset.TairZsetTest.zaddWithParams,NOD,,,
https://github.com/alibaba/alibabacloud-tairjedis-sdk,f6215930b9e21a5252c95296d9924b3c4524d9f6,.,com.aliyun.tair.tests.tairzset.TairZsetTest.zcard,NOD,,,
https://github.com/alibaba/alibabacloud-tairjedis-sdk,f6215930b9e21a5252c95296d9924b3c4524d9f6,.,com.aliyun.tair.tests.tairzset.TairZsetTest.zcount,NOD,,,
https://github.com/alibaba/alibabacloud-tairjedis-sdk,f6215930b9e21a5252c95296d9924b3c4524d9f6,.,com.aliyun.tair.tests.tairzset.TairZsetTest.zlexcount,NOD,,,
https://github.com/alibaba/alibabacloud-tairjedis-sdk,f6215930b9e21a5252c95296d9924b3c4524d9f6,.,com.aliyun.tair.tests.tairzset.TairZsetTest.zrange,NOD,,,
https://github.com/alibaba/alibabacloud-tairjedis-sdk,f6215930b9e21a5252c95296d9924b3c4524d9f6,.,com.aliyun.tair.tests.tairzset.TairZsetTest.zrangeByLex,NOD,,,
https://github.com/alibaba/alibabacloud-tairjedis-sdk,f6215930b9e21a5252c95296d9924b3c4524d9f6,.,com.aliyun.tair.tests.tairzset.TairZsetTest.zrangeByLexBinary,NOD,,,
https://github.com/alibaba/alibabacloud-tairjedis-sdk,f6215930b9e21a5252c95296d9924b3c4524d9f6,.,com.aliyun.tair.tests.tairzset.TairZsetTest.zrangebyscore,NOD,,,
https://github.com/alibaba/alibabacloud-tairjedis-sdk,f6215930b9e21a5252c95296d9924b3c4524d9f6,.,com.aliyun.tair.tests.tairzset.TairZsetTest.zrangeWithScores,NOD,,,
https://github.com/alibaba/alibabacloud-tairjedis-sdk,f6215930b9e21a5252c95296d9924b3c4524d9f6,.,com.aliyun.tair.tests.tairzset.TairZsetTest.zremrangeByLex,NOD,,,
https://github.com/alibaba/alibabacloud-tairjedis-sdk,f6215930b9e21a5252c95296d9924b3c4524d9f6,.,com.aliyun.tair.tests.tairzset.TairZsetTest.zremrangeByRank,NOD,,,
https://github.com/alibaba/alibabacloud-tairjedis-sdk,f6215930b9e21a5252c95296d9924b3c4524d9f6,.,com.aliyun.tair.tests.tairzset.TairZsetTest.zremrangeByScore,NOD,,,
https://github.com/alibaba/alibabacloud-tairjedis-sdk,f6215930b9e21a5252c95296d9924b3c4524d9f6,.,com.aliyun.tair.tests.tairzset.TairZsetTest.zrevrange,NOD,,,
https://github.com/alibaba/alibabacloud-tairjedis-sdk,f6215930b9e21a5252c95296d9924b3c4524d9f6,.,com.aliyun.tair.tests.tairzset.TairZsetTest.zrevrank,NOD,,,
https://github.com/alibaba/alibabacloud-tairjedis-sdk,f6215930b9e21a5252c95296d9924b3c4524d9f6,.,com.aliyun.tair.tests.tairzset.TairZsetTest.zscore,NOD,,,
https://github.com/alibaba/fastjson,93d8c01e907fe35a8ff0eb5fe1c3b279d2f30282,.,com.alibaba.json.bvt.GroovyTest.test_groovy,NOD,RepoArchived,,
https://github.com/alibaba/fastjson,c942c83443117b73af5ad278cc780270998ba3e1,.,com.alibaba.json.bvt.issue_2700.Issue2784.test_for_issue,NOD,Opened,https://github.com/alibaba/fastjson/pull/4460,RepoArchived
https://github.com/alibaba/fastjson,e05e9c5e4be580691cc55a59f3256595393203a1,.,com.alibaba.json.bvt.parser.deser.AbstractSerializeTest.test_mapping_1,NOD,RepoArchived,,
https://github.com/alibaba/fastjson,e05e9c5e4be580691cc55a59f3256595393203a1,.,com.alibaba.json.bvt.parser.deser.AbstractSerializeTest.test_mapping_2,NOD,RepoArchived,,
https://github.com/alibaba/wasp,b2593d8e4b31ca6da0cd2f3e18356338d9b6dace,.,com.alibaba.wasp.client.TestAdmin.testCheckWaspAvailableClosesConnection,NOD,Unmaintained,,last commit on 2013-10-11
https://github.com/alibaba/wasp,b2593d8e4b31ca6da0cd2f3e18356338d9b6dace,.,com.alibaba.wasp.client.TestAdmin.testCloseEntityGroupIfInvalidEntityGroupNameIsPassed,NOD,Unmaintained,,last commit on 2013-10-11
https://github.com/alibaba/wasp,b2593d8e4b31ca6da0cd2f3e18356338d9b6dace,.,com.alibaba.wasp.client.TestAdmin.testCloseEntityGroupThatFetchesTheEGIFromMeta,NOD,Unmaintained,,last commit on 2013-10-11
https://github.com/alibaba/wasp,b2593d8e4b31ca6da0cd2f3e18356338d9b6dace,.,com.alibaba.wasp.client.TestAdmin.testCloseEntityGroupWhenEncodedEntityGroupNameIsNotGiven,NOD,Unmaintained,,last commit on 2013-10-11
https://github.com/alibaba/wasp,b2593d8e4b31ca6da0cd2f3e18356338d9b6dace,.,com.alibaba.wasp.client.TestAdmin.testCreateTable,NOD,Unmaintained,,last commit on 2013-10-11
https://github.com/alibaba/wasp,b2593d8e4b31ca6da0cd2f3e18356338d9b6dace,.,com.alibaba.wasp.client.TestAdmin.testCreateTableWithEmptyRowInTheSplitKeys,NOD,Unmaintained,,last commit on 2013-10-11
https://github.com/alibaba/wasp,b2593d8e4b31ca6da0cd2f3e18356338d9b6dace,.,com.alibaba.wasp.client.TestAdmin.testCreateTableWithOnlyEmptyStartRow,NOD,Unmaintained,,last commit on 2013-10-11
https://github.com/alibaba/wasp,b2593d8e4b31ca6da0cd2f3e18356338d9b6dace,.,com.alibaba.wasp.client.TestAdmin.testDisableAndEnableTable,NOD,Unmaintained,,last commit on 2013-10-11
https://github.com/alibaba/wasp,b2593d8e4b31ca6da0cd2f3e18356338d9b6dace,.,com.alibaba.wasp.client.TestAdmin.testDisableAndEnableTables,NOD,Unmaintained,,last commit on 2013-10-11
https://github.com/alibaba/wasp,b2593d8e4b31ca6da0cd2f3e18356338d9b6dace,.,com.alibaba.wasp.client.TestAdmin.testDisableEnableTableHasChilds,NOD,Unmaintained,,last commit on 2013-10-11
https://github.com/alibaba/wasp,b2593d8e4b31ca6da0cd2f3e18356338d9b6dace,.,com.alibaba.wasp.client.TestAdmin.testEnableDisableAddColumnDeleteColumn,NOD,Unmaintained,,last commit on 2013-10-11
https://github.com/alibaba/wasp,b2593d8e4b31ca6da0cd2f3e18356338d9b6dace,.,com.alibaba.wasp.client.TestAdmin.testOnlineChangeTableSchema,NOD,Unmaintained,,last commit on 2013-10-11
https://github.com/alibaba/wasp,b2593d8e4b31ca6da0cd2f3e18356338d9b6dace,.,com.alibaba.wasp.client.TestAdmin.testShouldCloseTheEntityGroupBasedOnTheEncodedEntityGroupName,NOD,Unmaintained,,last commit on 2013-10-11
https://github.com/alibaba/wasp,b2593d8e4b31ca6da0cd2f3e18356338d9b6dace,.,com.alibaba.wasp.client.TestAdmin.testShouldFailOnlineSchemaUpdateIfOnlineSchemaIsNotEnabled,NOD,Unmaintained,,last commit on 2013-10-11
https://github.com/alibaba/wasp,b2593d8e4b31ca6da0cd2f3e18356338d9b6dace,.,com.alibaba.wasp.client.TestAdmin.testTableExist,NOD,Unmaintained,,last commit on 2013-10-11
https://github.com/alibaba/wasp,b2593d8e4b31ca6da0cd2f3e18356338d9b6dace,.,com.alibaba.wasp.client.TestAdmin.testTableExistsExceptionWithATable,NOD,Unmaintained,,last commit on 2013-10-11
https://github.com/alibaba/wasp,b2593d8e4b31ca6da0cd2f3e18356338d9b6dace,.,com.alibaba.wasp.client.TestAdmin.testTableLocked,NOD,Unmaintained,,last commit on 2013-10-11
https://github.com/alibaba/wasp,b2593d8e4b31ca6da0cd2f3e18356338d9b6dace,.,com.alibaba.wasp.client.TestAdmin.testTableNameClash,NOD,Unmaintained,,last commit on 2013-10-11
https://github.com/alibaba/wasp,b2593d8e4b31ca6da0cd2f3e18356338d9b6dace,.,com.alibaba.wasp.client.TestAdmin.testTableNotDisabledExceptionWithATable,NOD,Unmaintained,,last commit on 2013-10-11
https://github.com/alibaba/wasp,b2593d8e4b31ca6da0cd2f3e18356338d9b6dace,.,com.alibaba.wasp.client.TestAdmin.testTableNotEnabledExceptionWithATable,NOD,Unmaintained,,last commit on 2013-10-11
https://github.com/alibaba/wasp,b2593d8e4b31ca6da0cd2f3e18356338d9b6dace,.,com.alibaba.wasp.client.TestDataCorrectness.testSelectFromParentTableUsingRandomIndex,NOD,Unmaintained,,last commit on 2013-10-11
https://github.com/alibaba/wasp,b2593d8e4b31ca6da0cd2f3e18356338d9b6dace,.,com.alibaba.wasp.client.TestFClientLoadBalance.testExecuteWhenWaspClose,NOD,Unmaintained,,last commit on 2013-10-11
https://github.com/alibaba/wasp,b2593d8e4b31ca6da0cd2f3e18356338d9b6dace,.,com.alibaba.wasp.client.TestFClientLoadBalance.testNextWithWrongSession,NOD,Unmaintained,,last commit on 2013-10-11
https://github.com/alibaba/wasp,b2593d8e4b31ca6da0cd2f3e18356338d9b6dace,.,com.alibaba.wasp.client.TestFromClientSide.testDeleteNotOnlyPK,NOD,Unmaintained,,last commit on 2013-10-11
https://github.com/alibaba/wasp,b2593d8e4b31ca6da0cd2f3e18356338d9b6dace,.,com.alibaba.wasp.client.TestFromClientSide.testExecute,NOD,Unmaintained,,last commit on 2013-10-11
https://github.com/alibaba/wasp,b2593d8e4b31ca6da0cd2f3e18356338d9b6dace,.,com.alibaba.wasp.client.TestFromClientSide.testGetSql,NOD,Unmaintained,,last commit on 2013-10-11
https://github.com/alibaba/wasp,b2593d8e4b31ca6da0cd2f3e18356338d9b6dace,.,com.alibaba.wasp.client.TestFromClientSide.testInsertWithSomePK,NOD,Unmaintained,,last commit on 2013-10-11
https://github.com/alibaba/wasp,b2593d8e4b31ca6da0cd2f3e18356338d9b6dace,.,com.alibaba.wasp.client.TestFromClientSide.testInvalidDatatype,NOD,Unmaintained,,last commit on 2013-10-11
https://github.com/alibaba/wasp,b2593d8e4b31ca6da0cd2f3e18356338d9b6dace,.,com.alibaba.wasp.client.TestFromClientSide.testMutilColSql,NOD,Unmaintained,,last commit on 2013-10-11
https://github.com/alibaba/wasp,b2593d8e4b31ca6da0cd2f3e18356338d9b6dace,.,com.alibaba.wasp.client.TestFromClientSide.testQueryNext,NOD,Unmaintained,,last commit on 2013-10-11
https://github.com/alibaba/wasp,b2593d8e4b31ca6da0cd2f3e18356338d9b6dace,.,com.alibaba.wasp.client.TestFromClientSide.testSpecharsValue,NOD,Unmaintained,,last commit on 2013-10-11
https://github.com/alibaba/wasp,b2593d8e4b31ca6da0cd2f3e18356338d9b6dace,.,com.alibaba.wasp.client.TestFromClientSide.testUpdateNotOnlyPK,NOD,Unmaintained,,last commit on 2013-10-11
https://github.com/alibaba/wasp,b2593d8e4b31ca6da0cd2f3e18356338d9b6dace,.,com.alibaba.wasp.client.TestFromClientSide.testUpdateNullValueColumn,NOD,Unmaintained,,last commit on 2013-10-11
https://github.com/alibaba/wasp,b2593d8e4b31ca6da0cd2f3e18356338d9b6dace,.,com.alibaba.wasp.client.TestFromClientSide.testUpdatePK,NOD,Unmaintained,,last commit on 2013-10-11
https://github.com/alibaba/wasp,b2593d8e4b31ca6da0cd2f3e18356338d9b6dace,fserver,com.alibaba.wasp.fserver.redo.TestRedoLog.testInstanceAndInitlize,NOD,Unmaintained,,last commit on 2013-10-11
https://github.com/alibaba/wasp,b2593d8e4b31ca6da0cd2f3e18356338d9b6dace,fserver,com.alibaba.wasp.fserver.redo.TestRedoLog.testRedoLog,NOD,Unmaintained,,last commit on 2013-10-11
https://github.com/alibaba/wasp,b2593d8e4b31ca6da0cd2f3e18356338d9b6dace,fserver,com.alibaba.wasp.fserver.TestEntityGroup.testBasicSplit,NOD,Unmaintained,,last commit on 2013-10-11
https://github.com/alibaba/wasp,b2593d8e4b31ca6da0cd2f3e18356338d9b6dace,fserver,com.alibaba.wasp.fserver.TestEntityGroup.testMerge,NOD,Unmaintained,,last commit on 2013-10-11
https://github.com/alibaba/wasp,b2593d8e4b31ca6da0cd2f3e18356338d9b6dace,fserver,com.alibaba.wasp.fserver.TestEntityGroupOnCluster.testInsert,NOD,Unmaintained,,last commit on 2013-10-11
https://github.com/alibaba/wasp,b2593d8e4b31ca6da0cd2f3e18356338d9b6dace,fserver,com.alibaba.wasp.fserver.TestSplitTransaction.testPrepare,NOD,Unmaintained,,last commit on 2013-10-11
https://github.com/alibaba/wasp,b2593d8e4b31ca6da0cd2f3e18356338d9b6dace,fserver,com.alibaba.wasp.fserver.TestSplitTransaction.testPrepareWithBadSplitRow,NOD,Unmaintained,,last commit on 2013-10-11
https://github.com/alibaba/wasp,b2593d8e4b31ca6da0cd2f3e18356338d9b6dace,fserver,com.alibaba.wasp.fserver.TestSplitTransaction.testPrepareWithClosedEntityGroup,NOD,Unmaintained,,last commit on 2013-10-11
https://github.com/alibaba/wasp,b2593d8e4b31ca6da0cd2f3e18356338d9b6dace,fserver,com.alibaba.wasp.fserver.TestSplitTransaction.testRollback,NOD,Unmaintained,,last commit on 2013-10-11
https://github.com/alibaba/wasp,b2593d8e4b31ca6da0cd2f3e18356338d9b6dace,fserver,com.alibaba.wasp.fserver.TestSplitTransaction.testWholesomeSplit,NOD,Unmaintained,,last commit on 2013-10-11
https://github.com/alibaba/wasp,b2593d8e4b31ca6da0cd2f3e18356338d9b6dace,fserver,com.alibaba.wasp.fserver.TestSplitTransactionOnCluster.testExistingZnodeBlocksSplitAndWeRollback,NOD,Unmaintained,,last commit on 2013-10-11
https://github.com/alibaba/wasp,b2593d8e4b31ca6da0cd2f3e18356338d9b6dace,fserver,com.alibaba.wasp.fserver.TestSplitTransactionOnCluster.testFSSplitEphemeralsDisappearButDaughtersAreOnlinedAfterShutdownHandling,NOD,Unmaintained,,last commit on 2013-10-11
https://github.com/alibaba/wasp,b2593d8e4b31ca6da0cd2f3e18356338d9b6dace,fserver,com.alibaba.wasp.fserver.TestSplitTransactionOnCluster.testShutdownFixupWhenDaughterHasSplit,NOD,Unmaintained,,last commit on 2013-10-11
https://github.com/alibaba/wasp,b2593d8e4b31ca6da0cd2f3e18356338d9b6dace,fserver,com.alibaba.wasp.fserver.TestSplitTransactionOnCluster.testShutdownSimpleFixup,NOD,Unmaintained,,last commit on 2013-10-11
https://github.com/alibaba/wasp,b2593d8e4b31ca6da0cd2f3e18356338d9b6dace,fserver,com.alibaba.wasp.fserver.TestSplitTransactionOnCluster.testSplitBeforeSettingSplittingInZK,NOD,Unmaintained,,last commit on 2013-10-11
https://github.com/alibaba/wasp,b2593d8e4b31ca6da0cd2f3e18356338d9b6dace,fserver,com.alibaba.wasp.fserver.TestSplitTransactionOnCluster.testTableExistsIfTheSpecifiedTableEntityGroupIsSplitParent,NOD,Unmaintained,,last commit on 2013-10-11
https://github.com/alibaba/wasp,b2593d8e4b31ca6da0cd2f3e18356338d9b6dace,fserver,com.alibaba.wasp.fserver.TestTwoPhaseCommit.testTwoPhaseCommit,NOD,Unmaintained,,last commit on 2013-10-11
https://github.com/alibaba/wasp,b2593d8e4b31ca6da0cd2f3e18356338d9b6dace,jdbc,com.alibaba.wasp.jdbc.TestAtomicOperation.testRowMutationMultiThreads,NOD,Unmaintained,,last commit on 2013-10-11
https://github.com/alibaba/wasp,b2593d8e4b31ca6da0cd2f3e18356338d9b6dace,jdbc,com.alibaba.wasp.jdbc.TestJdbcResultFormatter.testQuery,NOD,Unmaintained,,last commit on 2013-10-11
https://github.com/alibaba/wasp,b2593d8e4b31ca6da0cd2f3e18356338d9b6dace,jdbc,com.alibaba.wasp.jdbc.TestJdbcResultSet.testAggregateCountQuery,NOD,Unmaintained,,last commit on 2013-10-11
https://github.com/alibaba/wasp,b2593d8e4b31ca6da0cd2f3e18356338d9b6dace,jdbc,com.alibaba.wasp.jdbc.TestJdbcResultSet.testAggregateSumQuery,NOD,Unmaintained,,last commit on 2013-10-11
https://github.com/alibaba/wasp,b2593d8e4b31ca6da0cd2f3e18356338d9b6dace,jdbc,com.alibaba.wasp.jdbc.TestJdbcResultSet.testDatetime,NOD,Unmaintained,,last commit on 2013-10-11
https://github.com/alibaba/wasp,b2593d8e4b31ca6da0cd2f3e18356338d9b6dace,jdbc,com.alibaba.wasp.jdbc.TestJdbcResultSet.testDecimal,NOD,Unmaintained,,last commit on 2013-10-11
https://github.com/alibaba/wasp,b2593d8e4b31ca6da0cd2f3e18356338d9b6dace,jdbc,com.alibaba.wasp.jdbc.TestJdbcResultSet.testDoubleFloat,NOD,Unmaintained,,last commit on 2013-10-11
https://github.com/alibaba/wasp,b2593d8e4b31ca6da0cd2f3e18356338d9b6dace,jdbc,com.alibaba.wasp.jdbc.TestJdbcResultSet.testGreatEqAndLessEq,NOD,Unmaintained,,last commit on 2013-10-11
https://github.com/alibaba/wasp,b2593d8e4b31ca6da0cd2f3e18356338d9b6dace,jdbc,com.alibaba.wasp.jdbc.TestJdbcResultSet.testIndexContainPrimaryKey,NOD,Unmaintained,,last commit on 2013-10-11
https://github.com/alibaba/wasp,b2593d8e4b31ca6da0cd2f3e18356338d9b6dace,jdbc,com.alibaba.wasp.jdbc.TestJdbcResultSet.testInt,NOD,Unmaintained,,last commit on 2013-10-11
https://github.com/alibaba/wasp,b2593d8e4b31ca6da0cd2f3e18356338d9b6dace,jdbc,com.alibaba.wasp.jdbc.TestJdbcResultSet.testLessNegativeValue,NOD,Unmaintained,,last commit on 2013-10-11
https://github.com/alibaba/wasp,b2593d8e4b31ca6da0cd2f3e18356338d9b6dace,jdbc,com.alibaba.wasp.jdbc.TestJdbcResultSet.testQuery,NOD,Unmaintained,,last commit on 2013-10-11
https://github.com/alibaba/wasp,b2593d8e4b31ca6da0cd2f3e18356338d9b6dace,jdbc,com.alibaba.wasp.jdbc.TestJdbcResultSet.testQueryLimit,NOD,Unmaintained,,last commit on 2013-10-11
https://github.com/alibaba/wasp,b2593d8e4b31ca6da0cd2f3e18356338d9b6dace,jdbc,com.alibaba.wasp.jdbc.TestJdbcResultSet.testRenameTable,NOD,Unmaintained,,last commit on 2013-10-11
https://github.com/alibaba/wasp,b2593d8e4b31ca6da0cd2f3e18356338d9b6dace,jdbc,com.alibaba.wasp.jdbc.TestJdbcResultSet.testSelectForUpdateLock,NOD,Unmaintained,,last commit on 2013-10-11
https://github.com/alibaba/wasp,b2593d8e4b31ca6da0cd2f3e18356338d9b6dace,jdbc,com.alibaba.wasp.jdbc.TestJdbcResultSet.testSelectNotOnlyIndex,NOD,Unmaintained,,last commit on 2013-10-11
https://github.com/alibaba/wasp,b2593d8e4b31ca6da0cd2f3e18356338d9b6dace,jdbc,com.alibaba.wasp.jdbc.TestJdbcResultSet.testSplitOrMoveAffectClient,NOD,Unmaintained,,last commit on 2013-10-11
https://github.com/alibaba/wasp,b2593d8e4b31ca6da0cd2f3e18356338d9b6dace,jdbc,com.alibaba.wasp.jdbc.TestJdbcResultSet.testStoringQuery,NOD,Unmaintained,,last commit on 2013-10-11
https://github.com/alibaba/wasp,b2593d8e4b31ca6da0cd2f3e18356338d9b6dace,jdbc,com.alibaba.wasp.jdbc.TestJdbcResultSet.testTransaction,NOD,Unmaintained,,last commit on 2013-10-11
https://github.com/alibaba/wasp,b2593d8e4b31ca6da0cd2f3e18356338d9b6dace,jdbc,com.alibaba.wasp.jdbc.TestJdbcResultSet.testVarchar,NOD,Unmaintained,,last commit on 2013-10-11
https://github.com/alibaba/wasp,b2593d8e4b31ca6da0cd2f3e18356338d9b6dace,jdbc,com.alibaba.wasp.jdbc.TestJdbcStatement.testStatement,NOD,Unmaintained,,last commit on 2013-10-11
https://github.com/alibaba/wasp,b2593d8e4b31ca6da0cd2f3e18356338d9b6dace,jdbc,com.alibaba.wasp.jdbc.TestPreparedStatement.testArray,NOD,Unmaintained,,last commit on 2013-10-11
https://github.com/alibaba/wasp,b2593d8e4b31ca6da0cd2f3e18356338d9b6dace,master,com.alibaba.wasp.master.TestAssignmentManagerOnCluster.testAssignEntityGroup,NOD,Unmaintained,,last commit on 2013-10-11
https://github.com/alibaba/wasp,b2593d8e4b31ca6da0cd2f3e18356338d9b6dace,master,com.alibaba.wasp.master.TestMaster.testMasterOpsWhileSplitting,NOD,Unmaintained,,last commit on 2013-10-11
https://github.com/alibaba/wasp,b2593d8e4b31ca6da0cd2f3e18356338d9b6dace,messagequeue,com.alibaba.wasp.messagequeue.TestSubscriber.testReceive,NOD,Unmaintained,,last commit on 2013-10-11
https://github.com/alibaba/wasp,b2593d8e4b31ca6da0cd2f3e18356338d9b6dace,meta,com.alibaba.wasp.meta.TestFMetaStore.testAddEntityGroup,NOD,Unmaintained,,last commit on 2013-10-11
https://github.com/alibaba/wasp,b2593d8e4b31ca6da0cd2f3e18356338d9b6dace,meta,com.alibaba.wasp.meta.TestFMetaStore.testAlterTable,NOD,Unmaintained,,last commit on 2013-10-11
https://github.com/alibaba/wasp,b2593d8e4b31ca6da0cd2f3e18356338d9b6dace,meta,com.alibaba.wasp.meta.TestFMetaStore.testCreateTable,NOD,Unmaintained,,last commit on 2013-10-11
https://github.com/alibaba/wasp,b2593d8e4b31ca6da0cd2f3e18356338d9b6dace,meta,com.alibaba.wasp.meta.TestFMetaStore.testDropTable,NOD,Unmaintained,,last commit on 2013-10-11
https://github.com/alibaba/wasp,b2593d8e4b31ca6da0cd2f3e18356338d9b6dace,meta,com.alibaba.wasp.meta.TestFMetaStore.testEntityGroup,NOD,Unmaintained,,last commit on 2013-10-11
https://github.com/alibaba/wasp,b2593d8e4b31ca6da0cd2f3e18356338d9b6dace,meta,com.alibaba.wasp.meta.TestFMetaStore.testFullScan,NOD,Unmaintained,,last commit on 2013-10-11
https://github.com/alibaba/wasp,b2593d8e4b31ca6da0cd2f3e18356338d9b6dace,meta,com.alibaba.wasp.meta.TestFMetaStore.testGetAllTables,NOD,Unmaintained,,last commit on 2013-10-11
https://github.com/alibaba/wasp,b2593d8e4b31ca6da0cd2f3e18356338d9b6dace,meta,com.alibaba.wasp.meta.TestFMetaStore.testGetChildTables,NOD,Unmaintained,,last commit on 2013-10-11
https://github.com/alibaba/wasp,b2593d8e4b31ca6da0cd2f3e18356338d9b6dace,meta,com.alibaba.wasp.meta.TestFMetaStore.testModifyEntityGroup,NOD,Unmaintained,,last commit on 2013-10-11
https://github.com/alibaba/wasp,b2593d8e4b31ca6da0cd2f3e18356338d9b6dace,plan,com.alibaba.wasp.plan.execute.TestExecutionEngine.testExecDeletePlan,NOD,Unmaintained,,last commit on 2013-10-11
https://github.com/alibaba/wasp,b2593d8e4b31ca6da0cd2f3e18356338d9b6dace,plan,com.alibaba.wasp.plan.execute.TestExecutionEngine.testExecInsertPlan,NOD,Unmaintained,,last commit on 2013-10-11
https://github.com/alibaba/wasp,b2593d8e4b31ca6da0cd2f3e18356338d9b6dace,plan,com.alibaba.wasp.plan.execute.TestExecutionEngine.testExecQueryPlan,NOD,Unmaintained,,last commit on 2013-10-11
https://github.com/alibaba/wasp,b2593d8e4b31ca6da0cd2f3e18356338d9b6dace,plan,com.alibaba.wasp.plan.execute.TestExecutionEngine.testQueryNext,NOD,Unmaintained,,last commit on 2013-10-11
https://github.com/apache/dubbo,737f7a7ea67832d7f17517326fb2491d0a086dd7,dubbo-config/dubbo-config-api,org.apache.dubbo.config.GenericServiceTest.testGenericInvokeWithBeanSerialization,NOD,MovedOrRenamed,,https://github.com/apache/dubbo/commit/678cdb4184b9397c70b94e1b696cf11bcf16b1e5
https://github.com/apache/dubbo,737f7a7ea67832d7f17517326fb2491d0a086dd7,dubbo-rpc/dubbo-rpc-dubbo,org.apache.dubbo.rpc.protocol.dubbo.DubboLazyConnectTest.testSticky1,NOD,,,
https://github.com/apache/dubbo,737f7a7ea67832d7f17517326fb2491d0a086dd7,dubbo-rpc/dubbo-rpc-dubbo,org.apache.dubbo.rpc.protocol.dubbo.MultiThreadTest.testDubboMultiThreadInvoke,NOD,,,
https://github.com/apache/dubbo,737f7a7ea67832d7f17517326fb2491d0a086dd7,dubbo-rpc/dubbo-rpc-http,org.apache.dubbo.rpc.protocol.http.HttpProtocolTest.testTimeOut,NOD,Deleted,,https://github.com/apache/dubbo/commit/8bdecea7ef808d19f0449dd43ec85ba8dbaeeb26
https://github.com/apache/gora,6c6b06c916b969352a6757ba7025cc78055fa87a,gora-hbase,org.apache.gora.hbase.store.TestHBaseStore.assertMetadataAnalyzer,NOD,Opened,https://github.com/apache/gora/pull/307,
https://github.com/apache/gora,6c6b06c916b969352a6757ba7025cc78055fa87a,gora-ignite,org.apache.gora.ignite.mapreduce.IgniteStoreMapReduceTest.testCountQuery,NOD,Opened,https://github.com/apache/gora/pull/309,
https://github.com/apache/gora,6c6b06c916b969352a6757ba7025cc78055fa87a,gora-ignite,org.apache.gora.ignite.store.TestIgniteStore.igniteStoreMetadataAnalyzerTest,NOD,Opened,https://github.com/apache/gora/pull/296,
https://github.com/apache/gora,6c6b06c916b969352a6757ba7025cc78055fa87a,gora-ignite,org.apache.gora.ignite.store.TestIgniteStore.testAutoCreateSchema,NOD,Opened,https://github.com/apache/gora/pull/296,
https://github.com/apache/gora,6c6b06c916b969352a6757ba7025cc78055fa87a,gora-ignite,org.apache.gora.ignite.store.TestIgniteStore.testBenchmarkExists,NOD,Opened,https://github.com/apache/gora/pull/296,
https://github.com/apache/gora,6c6b06c916b969352a6757ba7025cc78055fa87a,gora-ignite,org.apache.gora.ignite.store.TestIgniteStore.testDelete,NOD,Opened,https://github.com/apache/gora/pull/296,
https://github.com/apache/gora,6c6b06c916b969352a6757ba7025cc78055fa87a,gora-ignite,org.apache.gora.ignite.store.TestIgniteStore.testDeleteByQuery,NOD,Opened,https://github.com/apache/gora/pull/296,
https://github.com/apache/gora,6c6b06c916b969352a6757ba7025cc78055fa87a,gora-ignite,org.apache.gora.ignite.store.TestIgniteStore.testDeleteByQueryFields,NOD,Opened,https://github.com/apache/gora/pull/296,
https://github.com/apache/gora,6c6b06c916b969352a6757ba7025cc78055fa87a,gora-ignite,org.apache.gora.ignite.store.TestIgniteStore.testExists,NOD,Opened,https://github.com/apache/gora/pull/296,
https://github.com/apache/gora,6c6b06c916b969352a6757ba7025cc78055fa87a,gora-ignite,org.apache.gora.ignite.store.TestIgniteStore.testGet,NOD,Opened,https://github.com/apache/gora/pull/296,
https://github.com/apache/gora,6c6b06c916b969352a6757ba7025cc78055fa87a,gora-ignite,org.apache.gora.ignite.store.TestIgniteStore.testGet3UnionField,NOD,Opened,https://github.com/apache/gora/pull/296,
https://github.com/apache/gora,6c6b06c916b969352a6757ba7025cc78055fa87a,gora-ignite,org.apache.gora.ignite.store.TestIgniteStore.testGetDoubleRecursive,NOD,Opened,https://github.com/apache/gora/pull/296,
https://github.com/apache/gora,6c6b06c916b969352a6757ba7025cc78055fa87a,gora-ignite,org.apache.gora.ignite.store.TestIgniteStore.testGetNested,NOD,Opened,https://github.com/apache/gora/pull/296,
https://github.com/apache/gora,6c6b06c916b969352a6757ba7025cc78055fa87a,gora-ignite,org.apache.gora.ignite.store.TestIgniteStore.testGetPartitions,NOD,Opened,https://github.com/apache/gora/pull/296,
https://github.com/apache/gora,6c6b06c916b969352a6757ba7025cc78055fa87a,gora-ignite,org.apache.gora.ignite.store.TestIgniteStore.testGetRecursive,NOD,Opened,https://github.com/apache/gora/pull/296,
https://github.com/apache/gora,6c6b06c916b969352a6757ba7025cc78055fa87a,gora-ignite,org.apache.gora.ignite.store.TestIgniteStore.testGetWebPage,NOD,Opened,https://github.com/apache/gora/pull/296,
https://github.com/apache/gora,6c6b06c916b969352a6757ba7025cc78055fa87a,gora-ignite,org.apache.gora.ignite.store.TestIgniteStore.testGetWebPageDefaultFields,NOD,Opened,https://github.com/apache/gora/pull/296,
https://github.com/apache/gora,6c6b06c916b969352a6757ba7025cc78055fa87a,gora-ignite,org.apache.gora.ignite.store.TestIgniteStore.testGetWithFields,NOD,Opened,https://github.com/apache/gora/pull/296,
https://github.com/apache/gora,6c6b06c916b969352a6757ba7025cc78055fa87a,gora-ignite,org.apache.gora.ignite.store.TestIgniteStore.testObjectFieldValue,NOD,Opened,https://github.com/apache/gora/pull/296,
https://github.com/apache/gora,6c6b06c916b969352a6757ba7025cc78055fa87a,gora-ignite,org.apache.gora.ignite.store.TestIgniteStore.testPutArray,NOD,Opened,https://github.com/apache/gora/pull/296,
https://github.com/apache/gora,6c6b06c916b969352a6757ba7025cc78055fa87a,gora-ignite,org.apache.gora.ignite.store.TestIgniteStore.testPutBytes,NOD,Opened,https://github.com/apache/gora/pull/296,
https://github.com/apache/gora,6c6b06c916b969352a6757ba7025cc78055fa87a,gora-ignite,org.apache.gora.ignite.store.TestIgniteStore.testPutMap,NOD,Opened,https://github.com/apache/gora/pull/296,
https://github.com/apache/gora,6c6b06c916b969352a6757ba7025cc78055fa87a,gora-ignite,org.apache.gora.ignite.store.TestIgniteStore.testPutMixedMaps,NOD,Opened,https://github.com/apache/gora/pull/296,
https://github.com/apache/gora,6c6b06c916b969352a6757ba7025cc78055fa87a,gora-ignite,org.apache.gora.ignite.store.TestIgniteStore.testPutNested,NOD,Opened,https://github.com/apache/gora/pull/296,
https://github.com/apache/gora,6c6b06c916b969352a6757ba7025cc78055fa87a,gora-ignite,org.apache.gora.ignite.store.TestIgniteStore.testQuery,NOD,Opened,https://github.com/apache/gora/pull/296,
https://github.com/apache/gora,6c6b06c916b969352a6757ba7025cc78055fa87a,gora-ignite,org.apache.gora.ignite.store.TestIgniteStore.testQueryEndKey,NOD,Opened,https://github.com/apache/gora/pull/296,
https://github.com/apache/gora,6c6b06c916b969352a6757ba7025cc78055fa87a,gora-ignite,org.apache.gora.ignite.store.TestIgniteStore.testQueryKeyRange,NOD,Opened,https://github.com/apache/gora/pull/296,
https://github.com/apache/gora,6c6b06c916b969352a6757ba7025cc78055fa87a,gora-ignite,org.apache.gora.ignite.store.TestIgniteStore.testQueryStartKey,NOD,Opened,https://github.com/apache/gora/pull/296,
https://github.com/apache/gora,6c6b06c916b969352a6757ba7025cc78055fa87a,gora-ignite,org.apache.gora.ignite.store.TestIgniteStore.testQueryWebPageSingleKey,NOD,Opened,https://github.com/apache/gora/pull/296,
https://github.com/apache/gora,6c6b06c916b969352a6757ba7025cc78055fa87a,gora-ignite,org.apache.gora.ignite.store.TestIgniteStore.testQueryWebPageSingleKeyDefaultFields,NOD,Opened,https://github.com/apache/gora/pull/296,
https://github.com/apache/gora,6c6b06c916b969352a6757ba7025cc78055fa87a,gora-ignite,org.apache.gora.ignite.store.TestIgniteStore.testResultSizeStartKey,NOD,Opened,https://github.com/apache/gora/pull/296,
https://github.com/apache/gora,6c6b06c916b969352a6757ba7025cc78055fa87a,gora-ignite,org.apache.gora.ignite.store.TestIgniteStore.testResultSizeStartKeyWithLimit,NOD,Opened,https://github.com/apache/gora/pull/296,
https://github.com/apache/gora,6c6b06c916b969352a6757ba7025cc78055fa87a,gora-ignite,org.apache.gora.ignite.store.TestIgniteStore.testUpdate,NOD,Opened,https://github.com/apache/gora/pull/296,
https://github.com/apache/gora,6c6b06c916b969352a6757ba7025cc78055fa87a,gora-orientdb,org.apache.gora.orientdb.mapreduce.TestOrientDBStoreWordCount.testFlinkWordCountFlink,NOD,Opened,https://github.com/apache/gora/pull/308,
https://github.com/apache/gora,6c6b06c916b969352a6757ba7025cc78055fa87a,gora-orientdb,org.apache.gora.orientdb.mapreduce.TestOrientDBStoreWordCount.testWordCount,NOD,Opened,https://github.com/apache/gora/pull/308,
https://github.com/apache/hadoop,cc2babc1f75c93bf89a8f10da525f944c15d02ea,hadoop-hdfs-project/hadoop-hdfs-httpfs,org.apache.hadoop.fs.http.server.TestHttpFSServer.testAllowSnapshot,NOD,,,
https://github.com/apache/hadoop,cc2babc1f75c93bf89a8f10da525f944c15d02ea,hadoop-hdfs-project/hadoop-hdfs-httpfs,org.apache.hadoop.fs.http.server.TestHttpFSServer.testDelegationTokenOperationsSsl,NOD,,,
https://github.com/apache/hadoop,cc2babc1f75c93bf89a8f10da525f944c15d02ea,hadoop-hdfs-project/hadoop-hdfs-httpfs,org.apache.hadoop.fs.http.server.TestHttpFSServer.testDirAcls,NOD,,,
https://github.com/apache/hadoop,cc2babc1f75c93bf89a8f10da525f944c15d02ea,hadoop-hdfs-project/hadoop-hdfs-httpfs,org.apache.hadoop.fs.http.server.TestHttpFSServer.testDisallowSnapshot,NOD,,,
https://github.com/apache/hadoop,cc2babc1f75c93bf89a8f10da525f944c15d02ea,hadoop-hdfs-project/hadoop-hdfs-httpfs,org.apache.hadoop.fs.http.server.TestHttpFSServer.testDisallowSnapshotException,NOD,,,
https://github.com/apache/hadoop,cc2babc1f75c93bf89a8f10da525f944c15d02ea,hadoop-hdfs-project/hadoop-hdfs-httpfs,org.apache.hadoop.fs.http.server.TestHttpFSServer.testGetSnapshotDiffIllegalParam,NOD,,,
https://github.com/apache/hadoop,cc2babc1f75c93bf89a8f10da525f944c15d02ea,hadoop-hdfs-project/hadoop-hdfs-httpfs,org.apache.hadoop.lib.service.hadoop.TestFileSystemAccessService.fileSystemCache,NOD,,,
https://github.com/apache/hadoop,cc2babc1f75c93bf89a8f10da525f944c15d02ea,hadoop-hdfs-project/hadoop-hdfs-httpfs,org.apache.hadoop.lib.service.hadoop.TestFileSystemAccessService.fileSystemExecutor,NOD,,,
https://github.com/apache/hadoop,cc2babc1f75c93bf89a8f10da525f944c15d02ea,hadoop-hdfs-project/hadoop-hdfs-httpfs,org.apache.hadoop.lib.servlet.TestServerWebApp.getHomeDirNotDef,NOD,,,
https://github.com/apache/hadoop,cc2babc1f75c93bf89a8f10da525f944c15d02ea,hadoop-mapreduce-project/hadoop-mapreduce-client/hadoop-mapreduce-client-core,org.apache.hadoop.mapred.TestJobEndNotifier.testNotificationTimeout,NOD,,,
https://github.com/apache/hadoop,4c04a6768c0cb3d5081cfa5d84ffb389d92f5805,hadoop-mapreduce-project/hadoop-mapreduce-client/hadoop-mapreduce-client-jobclient,org.apache.hadoop.mapred.TestLocalMRNotification.testMR,NOD,,,
https://github.com/apache/hadoop,cc2babc1f75c93bf89a8f10da525f944c15d02ea,hadoop-mapreduce-project/hadoop-mapreduce-client/hadoop-mapreduce-client-jobclient,org.apache.hadoop.mapreduce.lib.jobcontrol.TestMapReduceJobControl.testControlledJob,NOD,,,
https://github.com/apache/hadoop,cc2babc1f75c93bf89a8f10da525f944c15d02ea,hadoop-yarn-project/hadoop-yarn/hadoop-yarn-registry,org.apache.hadoop.registry.client.impl.TestCuratorService.testRM,NOD,,,
https://github.com/apache/hadoop,cc2babc1f75c93bf89a8f10da525f944c15d02ea,hadoop-yarn-project/hadoop-yarn/hadoop-yarn-registry,org.apache.hadoop.registry.secure.TestSecureLogins.testDefaultRealmValid,NOD,,,
https://github.com/apache/hadoop,cc2babc1f75c93bf89a8f10da525f944c15d02ea,hadoop-yarn-project/hadoop-yarn/hadoop-yarn-registry,org.apache.hadoop.registry.secure.TestSecureLogins.testUGILogin,NOD,,,
https://github.com/apache/hadoop,cc2babc1f75c93bf89a8f10da525f944c15d02ea,hadoop-tools/hadoop-distcp,org.apache.hadoop.tools.TestDistCpSystem.testChunkCopyOneFile,NOD,,,
https://github.com/apache/hadoop,cc2babc1f75c93bf89a8f10da525f944c15d02ea,hadoop-tools/hadoop-distcp,org.apache.hadoop.tools.TestDistCpSystem.testDistcpLargeFile,NOD,,,
https://github.com/apache/hadoop,cc2babc1f75c93bf89a8f10da525f944c15d02ea,hadoop-tools/hadoop-distcp,org.apache.hadoop.tools.TestDistCpSystem.testPreserveUseNonEmptyDir,NOD,,,
https://github.com/apache/hadoop,cc2babc1f75c93bf89a8f10da525f944c15d02ea,hadoop-tools/hadoop-distcp,org.apache.hadoop.tools.TestDistCpSystem.testPreserveUserSingleFile,NOD,,,
https://github.com/apache/hadoop,cc2babc1f75c93bf89a8f10da525f944c15d02ea,hadoop-tools/hadoop-distcp,org.apache.hadoop.tools.TestDistCpSystem.testRecursiveChunkCopy,NOD,,,
https://github.com/apache/hadoop,cc2babc1f75c93bf89a8f10da525f944c15d02ea,hadoop-yarn-project/hadoop-yarn/hadoop-yarn-server/hadoop-yarn-server-timeline-pluginstorage,org.apache.hadoop.yarn.server.timeline.TestEntityGroupFSTimelineStore.testGetEntityPluginRead,NOD,,,
https://github.com/apache/hadoop,cc2babc1f75c93bf89a8f10da525f944c15d02ea,hadoop-yarn-project/hadoop-yarn/hadoop-yarn-server/hadoop-yarn-server-timeline-pluginstorage,org.apache.hadoop.yarn.server.timeline.TestEntityGroupFSTimelineStore.testMoveToDone,NOD,,,
https://github.com/apache/hadoop,cc2babc1f75c93bf89a8f10da525f944c15d02ea,hadoop-yarn-project/hadoop-yarn/hadoop-yarn-server/hadoop-yarn-server-timeline-pluginstorage,org.apache.hadoop.yarn.server.timeline.TestEntityGroupFSTimelineStore.testParseSummaryLogs,NOD,,,
https://github.com/apache/hadoop,cc2babc1f75c93bf89a8f10da525f944c15d02ea,hadoop-yarn-project/hadoop-yarn/hadoop-yarn-server/hadoop-yarn-server-timeline-pluginstorage,org.apache.hadoop.yarn.server.timeline.TestLogInfo.testParseBrokenEntity,NOD,Opened,https://github.com/apache/hadoop/pull/8083,
https://github.com/apache/hadoop,cc2babc1f75c93bf89a8f10da525f944c15d02ea,hadoop-yarn-project/hadoop-yarn/hadoop-yarn-server/hadoop-yarn-server-timeline-pluginstorage,org.apache.hadoop.yarn.server.timeline.TestLogInfo.testParseEntity,NOD,Opened,https://github.com/apache/hadoop/pull/8083,
https://github.com/apache/hadoop,cc2babc1f75c93bf89a8f10da525f944c15d02ea,hadoop-yarn-project/hadoop-yarn/hadoop-yarn-server/hadoop-yarn-server-timelineservice,org.apache.hadoop.yarn.server.timelineservice.reader.TestTimelineReaderWebServices.testGetEntityDefaultView,NOD,,,
https://github.com/apache/hbase,801fc05e9c082ab12c7c1207087d3667ab162d1a,hbase-procedure,org.apache.hadoop.hbase.procedure2.TestProcedureSkipPersistence.test,NOD,,,
https://github.com/apache/logging-log4j2,3de64e8ccdc9a0acfb1caf757c398dd9669b6d84,log4j-core,org.apache.logging.log4j.core.appender.RollingAppenderDirectCronTest.testRollover,NOD,Accepted,https://github.com/apache/logging-log4j2/pull/3946,
https://github.com/apache/logging-log4j2,2c83340067b7885a7efaf5b25841a1128cde24be,log4j-core,org.apache.logging.log4j.core.appender.SyslogAppenderCustomLayoutTest.testCustomLayout,NOD,Accepted,https://github.com/apache/logging-log4j2/pull/3944,
https://github.com/apache/logging-log4j2,168aea0db0bc98c688d8371c3b58ae395bf14452,log4j-core,org.apache.logging.log4j.core.async.AsyncThreadContextTest.testStateLeakage,NOD,Accepted,https://github.com/apache/logging-log4j2/pull/3956,
https://github.com/apache/pulsar,c4f125cfa292a8d61e0d037fa2d0fa1e89308b29,pulsar-broker,org.apache.pulsar.broker.loadbalance.extensions.scheduler.TransferShedderTest.testBundlesWithAntiAffinityGroup,NOD,Accepted,https://github.com/apache/pulsar/pull/24972,
https://github.com/apache/pulsar,c4f125cfa292a8d61e0d037fa2d0fa1e89308b29,pulsar-broker,org.apache.pulsar.broker.loadbalance.extensions.scheduler.TransferShedderTest.testBundlesWithIsolationPolicies,NOD,Accepted,https://github.com/apache/pulsar/pull/24972,
https://github.com/apache/pulsar,c4f125cfa292a8d61e0d037fa2d0fa1e89308b29,pulsar-broker,org.apache.pulsar.broker.loadbalance.extensions.scheduler.TransferShedderTest.testBundleThroughputLargerThanOffloadThreshold,NOD,Accepted,https://github.com/apache/pulsar/pull/24972,
https://github.com/apache/pulsar,c4f125cfa292a8d61e0d037fa2d0fa1e89308b29,pulsar-broker,org.apache.pulsar.broker.loadbalance.extensions.scheduler.TransferShedderTest.testEmptyTopBundlesLoadData,NOD,Accepted,https://github.com/apache/pulsar/pull/24972,
https://github.com/apache/pulsar,c4f125cfa292a8d61e0d037fa2d0fa1e89308b29,pulsar-broker,org.apache.pulsar.broker.loadbalance.extensions.scheduler.TransferShedderTest.testHighVarianceLoadStats,NOD,Accepted,https://github.com/apache/pulsar/pull/24972,
https://github.com/apache/pulsar,c4f125cfa292a8d61e0d037fa2d0fa1e89308b29,pulsar-broker,org.apache.pulsar.broker.loadbalance.extensions.scheduler.TransferShedderTest.testLoadBalancerSheddingConditionHitCountThreshold,NOD,Accepted,https://github.com/apache/pulsar/pull/24972,
https://github.com/apache/pulsar,c4f125cfa292a8d61e0d037fa2d0fa1e89308b29,pulsar-broker,org.apache.pulsar.broker.loadbalance.extensions.scheduler.TransferShedderTest.testLoadMoreThan100,NOD,Accepted,https://github.com/apache/pulsar/pull/24972,
https://github.com/apache/pulsar,c4f125cfa292a8d61e0d037fa2d0fa1e89308b29,pulsar-broker,org.apache.pulsar.broker.loadbalance.extensions.scheduler.TransferShedderTest.testLowVarianceLoadStats,NOD,Accepted,https://github.com/apache/pulsar/pull/24972,
https://github.com/apache/pulsar,c4f125cfa292a8d61e0d037fa2d0fa1e89308b29,pulsar-broker,org.apache.pulsar.broker.loadbalance.extensions.scheduler.TransferShedderTest.testMaxNumberOfTransfersPerShedderCycle,NOD,Accepted,https://github.com/apache/pulsar/pull/24972,
https://github.com/apache/pulsar,c4f125cfa292a8d61e0d037fa2d0fa1e89308b29,pulsar-broker,org.apache.pulsar.broker.loadbalance.extensions.scheduler.TransferShedderTest.testMinBrokerWithLowerLoadThanAvg,NOD,Accepted,https://github.com/apache/pulsar/pull/24972,
https://github.com/apache/pulsar,c4f125cfa292a8d61e0d037fa2d0fa1e89308b29,pulsar-broker,org.apache.pulsar.broker.loadbalance.extensions.scheduler.TransferShedderTest.testMinBrokerWithLowTraffic,NOD,Accepted,https://github.com/apache/pulsar/pull/24972,
https://github.com/apache/pulsar,c4f125cfa292a8d61e0d037fa2d0fa1e89308b29,pulsar-broker,org.apache.pulsar.broker.loadbalance.extensions.scheduler.TransferShedderTest.testNoOwnerLoadData,NOD,Accepted,https://github.com/apache/pulsar/pull/24972,
https://github.com/apache/pulsar,c4f125cfa292a8d61e0d037fa2d0fa1e89308b29,pulsar-broker,org.apache.pulsar.broker.loadbalance.extensions.scheduler.TransferShedderTest.testRecentlyUnloadedBrokers,NOD,Accepted,https://github.com/apache/pulsar/pull/24972,
https://github.com/apache/pulsar,c4f125cfa292a8d61e0d037fa2d0fa1e89308b29,pulsar-broker,org.apache.pulsar.broker.loadbalance.extensions.scheduler.TransferShedderTest.testRecentlyUnloadedBundles,NOD,Accepted,https://github.com/apache/pulsar/pull/24972,
https://github.com/apache/pulsar,c4f125cfa292a8d61e0d037fa2d0fa1e89308b29,pulsar-broker,org.apache.pulsar.broker.loadbalance.extensions.scheduler.TransferShedderTest.testRemainingTopBundles,NOD,Accepted,https://github.com/apache/pulsar/pull/24972,
https://github.com/apache/pulsar,c4f125cfa292a8d61e0d037fa2d0fa1e89308b29,pulsar-broker,org.apache.pulsar.broker.loadbalance.extensions.scheduler.TransferShedderTest.testSheddingExcludedNamespaces,NOD,Accepted,https://github.com/apache/pulsar/pull/24972,
https://github.com/apache/pulsar,c4f125cfa292a8d61e0d037fa2d0fa1e89308b29,pulsar-broker,org.apache.pulsar.broker.loadbalance.extensions.scheduler.TransferShedderTest.testSingleTopBundlesLoadData,NOD,Accepted,https://github.com/apache/pulsar/pull/24972,
https://github.com/apache/pulsar,c4f125cfa292a8d61e0d037fa2d0fa1e89308b29,pulsar-broker,org.apache.pulsar.broker.loadbalance.extensions.scheduler.TransferShedderTest.testTargetStd,NOD,Accepted,https://github.com/apache/pulsar/pull/24972,
https://github.com/apache/pulsar,c4f125cfa292a8d61e0d037fa2d0fa1e89308b29,pulsar-broker,org.apache.pulsar.broker.loadbalance.extensions.scheduler.TransferShedderTest.testTargetStdAfterTransfer,NOD,Accepted,https://github.com/apache/pulsar/pull/24972,
https://github.com/apache/pulsar,c4f125cfa292a8d61e0d037fa2d0fa1e89308b29,pulsar-broker,org.apache.pulsar.broker.loadbalance.extensions.scheduler.TransferShedderTest.testZeroBundleThroughput,NOD,Accepted,https://github.com/apache/pulsar/pull/24972,
https://github.com/apache/shardingsphere-elasticjob,b022898ef1b8c984e17efb2a422ee45f6b13e46e,elastic-job-lite-lifecycle,io.elasticjob.lite.lifecycle.api.JobAPIFactoryTest.assertCreateJobStatisticsAPI,NOD,,,
https://github.com/apache/shardingsphere-elasticjob,b022898ef1b8c984e17efb2a422ee45f6b13e46e,elastic-job-lite-lifecycle,io.elasticjob.lite.lifecycle.api.JobAPIFactoryTest.assertCreateServerStatisticsAPI,NOD,,,
https://github.com/apache/shardingsphere-elasticjob,b022898ef1b8c984e17efb2a422ee45f6b13e46e,elastic-job-lite-spring,io.elasticjob.lite.spring.job.JobSpringNamespaceWithEventTraceRdbTest.assertSpringJobBean,NOD,,,
https://github.com/apache/shardingsphere-elasticjob,b022898ef1b8c984e17efb2a422ee45f6b13e46e,elastic-job-lite-spring,io.elasticjob.lite.spring.job.JobSpringNamespaceWithListenerAndJdkDynamicProxyTest.assertSpringJobBean,NOD,,,
https://github.com/apache/shardingsphere-elasticjob,b022898ef1b8c984e17efb2a422ee45f6b13e46e,elastic-job-lite-spring,io.elasticjob.lite.spring.job.JobSpringNamespaceWithoutListenerTest.assertSpringJobBean,NOD,,,
https://github.com/apache/unomi,dfb021dd97180e435ff70d9c5e886bf074bd1a32,persistence-elasticsearch,org.apache.unomi.persistence.elasticsearch.ElasticsearchPersistenceTest.testCreateIndex,NOD,,,
https://github.com/baidu/Jprotobuf-rpc-socket,4de9d3da1309d4366da36857b86f50a0c212ef71,jprotobuf-rpc-core,com.baidu.jprotobuf.pbrpc.EchoServiceTest.testDynamiceTalkTimeout,NOD,,,
https://github.com/baidu/Jprotobuf-rpc-socket,88bb62d511a7288087fe042855bb708247758e93,jprotobuf-rpc-core,com.baidu.jprotobuf.pbrpc.proto.EchoServicePerformanceTest.multiExecuteValidTest,NOD,,,
https://github.com/baidu/Jprotobuf-rpc-socket,88bb62d511a7288087fe042855bb708247758e93,jprotobuf-rpc-core,com.baidu.jprotobuf.pbrpc.proto.EchoServicePerformanceTest.performance20TreadsTest,NOD,,,
https://github.com/baidu/Jprotobuf-rpc-socket,88bb62d511a7288087fe042855bb708247758e93,jprotobuf-rpc-core,com.baidu.jprotobuf.pbrpc.proto.EchoServicePerformanceTest.performanceOneTreadTest2,NOD,,,
https://github.com/baidu/Jprotobuf-rpc-socket,88bb62d511a7288087fe042855bb708247758e93,jprotobuf-rpc-core,com.baidu.jprotobuf.pbrpc.proto.EchoServicePerformanceTest.performanceOneTreadTestWithLongText,NOD,,,
https://github.com/baidu/Jprotobuf-rpc-socket,88bb62d511a7288087fe042855bb708247758e93,jprotobuf-rpc-core,com.baidu.jprotobuf.pbrpc.proto.EchoServiceTest.testAttachment,NOD,,,
https://github.com/baidu/Jprotobuf-rpc-socket,88bb62d511a7288087fe042855bb708247758e93,jprotobuf-rpc-core,com.baidu.jprotobuf.pbrpc.TrunkEchoServiceTest.testGzip,NOD,,,
https://github.com/biojava/biojava,e99364ac14294adeb9385b7b93c602c2d9b66bb6,biojava-core,org.biojava.nbio.core.search.io.blast.BlastXMLParserTest.testCreateObjects,NOD,,,https://github.com/TestingResearchIllinois/flaky-test-dataset/issues/115
https://github.com/biojava/biojava,e99364ac14294adeb9385b7b93c602c2d9b66bb6,biojava-core,org.biojava.nbio.core.search.io.SearchIOTest.testConstructorWithEvalueHspFilter,NOD,,,https://github.com/TestingResearchIllinois/flaky-test-dataset/issues/115
https://github.com/biojava/biojava,e99364ac14294adeb9385b7b93c602c2d9b66bb6,biojava-core,org.biojava.nbio.core.search.io.SearchIOTest.testConstructorWithoutFactoryGuess,NOD,,,https://github.com/TestingResearchIllinois/flaky-test-dataset/issues/115
https://github.com/biojava/biojava,e99364ac14294adeb9385b7b93c602c2d9b66bb6,biojava-core,org.biojava.nbio.core.sequence.io.GenbankCookbookTest.testProcess,NOD,,,https://github.com/TestingResearchIllinois/flaky-test-dataset/issues/115
https://github.com/biojava/biojava,e99364ac14294adeb9385b7b93c602c2d9b66bb6,biojava-core,org.biojava.nbio.core.sequence.loader.GenbankProxySequenceReaderTest.testFeatures,NOD,,,https://github.com/TestingResearchIllinois/flaky-test-dataset/issues/115
https://github.com/biojava/biojava,e99364ac14294adeb9385b7b93c602c2d9b66bb6,biojava-core,org.biojava.nbio.core.sequence.loader.GenbankProxySequenceReaderTest.testProteinSequenceFactoring,NOD,,,https://github.com/TestingResearchIllinois/flaky-test-dataset/issues/115
https://github.com/biojava/biojava,e99364ac14294adeb9385b7b93c602c2d9b66bb6,biojava-structure,org.biojava.nbio.structure.align.util.AtomCacheTest.testEmptyChemComp,NOD,,,https://github.com/TestingResearchIllinois/flaky-test-dataset/issues/115
https://github.com/biojava/biojava,e99364ac14294adeb9385b7b93c602c2d9b66bb6,biojava-structure,org.biojava.nbio.structure.align.util.AtomCacheTest.testEmptyGZChemComp,NOD,,,https://github.com/TestingResearchIllinois/flaky-test-dataset/issues/115
https://github.com/biojava/biojava,e99364ac14294adeb9385b7b93c602c2d9b66bb6,biojava-structure,org.biojava.nbio.structure.align.util.AtomCacheTest.testFetchBehavior,NOD,,,https://github.com/TestingResearchIllinois/flaky-test-dataset/issues/115
https://github.com/biojava/biojava,e99364ac14294adeb9385b7b93c602c2d9b66bb6,biojava-structure,org.biojava.nbio.structure.align.util.AtomCacheTest.testGetStructureForDomain1,NOD,,,https://github.com/TestingResearchIllinois/flaky-test-dataset/issues/115
https://github.com/biojava/biojava,e99364ac14294adeb9385b7b93c602c2d9b66bb6,biojava-structure,org.biojava.nbio.structure.align.util.AtomCacheTest.testGetStructureForDomain2,NOD,,,https://github.com/TestingResearchIllinois/flaky-test-dataset/issues/115
https://github.com/biojava/biojava,e99364ac14294adeb9385b7b93c602c2d9b66bb6,biojava-structure,org.biojava.nbio.structure.align.util.AtomCacheTest.testGetStructureForDomain3,NOD,,,https://github.com/TestingResearchIllinois/flaky-test-dataset/issues/115
https://github.com/biojava/biojava,e99364ac14294adeb9385b7b93c602c2d9b66bb6,biojava-structure,org.biojava.nbio.structure.io.mmtf.TestMmtfPerformance.test3HBX,NOD,,,https://github.com/TestingResearchIllinois/flaky-test-dataset/issues/115
https://github.com/biojava/biojava,e99364ac14294adeb9385b7b93c602c2d9b66bb6,biojava-structure,org.biojava.nbio.structure.io.mmtf.TestMmtfRoundTrip.testStructWithBranchedEntitiesRoundTrip,NOD,,,https://github.com/TestingResearchIllinois/flaky-test-dataset/issues/115
https://github.com/biojava/biojava,e99364ac14294adeb9385b7b93c602c2d9b66bb6,biojava-structure,org.biojava.nbio.structure.io.TestNonDepositedFiles.testStructureWithBranchedEntities,NOD,,,https://github.com/TestingResearchIllinois/flaky-test-dataset/issues/115
https://github.com/biojava/biojava,e99364ac14294adeb9385b7b93c602c2d9b66bb6,biojava-structure,org.biojava.nbio.structure.io.TestURLBasedFileParsing.testMMcifURL,NOD,,,https://github.com/TestingResearchIllinois/flaky-test-dataset/issues/115
https://github.com/biojava/biojava,e99364ac14294adeb9385b7b93c602c2d9b66bb6,biojava-structure,org.biojava.nbio.structure.PDBStatusTest.testGetCurrent,NOD,,,https://github.com/TestingResearchIllinois/flaky-test-dataset/issues/115
https://github.com/biojava/biojava,e99364ac14294adeb9385b7b93c602c2d9b66bb6,biojava-structure,org.biojava.nbio.structure.PDBStatusTest.testGetStatus,NOD,,,https://github.com/TestingResearchIllinois/flaky-test-dataset/issues/115
https://github.com/biojava/biojava,e99364ac14294adeb9385b7b93c602c2d9b66bb6,biojava-structure,org.biojava.nbio.structure.PDBStatusTest.testGetStatusMultipleIds,NOD,,,https://github.com/TestingResearchIllinois/flaky-test-dataset/issues/115
https://github.com/biojava/biojava,e99364ac14294adeb9385b7b93c602c2d9b66bb6,biojava-integrationtest,org.biojava.nbio.structure.test.ecod.EcodInstallationTest.testDownloads,NOD,,,https://github.com/TestingResearchIllinois/flaky-test-dataset/issues/115
https://github.com/biojava/biojava,e99364ac14294adeb9385b7b93c602c2d9b66bb6,biojava-integrationtest,org.biojava.nbio.structure.test.io.cif.CifFileSupplierIntegrationTest.test1A2C,NOD,,,https://github.com/TestingResearchIllinois/flaky-test-dataset/issues/115
https://github.com/biojava/biojava,e99364ac14294adeb9385b7b93c602c2d9b66bb6,biojava-integrationtest,org.biojava.nbio.structure.test.io.cif.CifFileSupplierIntegrationTest.test1SMT,NOD,,,https://github.com/TestingResearchIllinois/flaky-test-dataset/issues/115
https://github.com/biojava/biojava,e99364ac14294adeb9385b7b93c602c2d9b66bb6,biojava-integrationtest,org.biojava.nbio.structure.test.io.cif.CifFileSupplierIntegrationTest.test2N3J,NOD,,,https://github.com/TestingResearchIllinois/flaky-test-dataset/issues/115
https://github.com/biojava/biojava,e99364ac14294adeb9385b7b93c602c2d9b66bb6,biojava-integrationtest,org.biojava.nbio.structure.test.scop.TestParsingScopDomainPDB.testd1gena,NOD,,,https://github.com/TestingResearchIllinois/flaky-test-dataset/issues/115
https://github.com/biojava/biojava,e99364ac14294adeb9385b7b93c602c2d9b66bb6,biojava-structure,org.biojava.nbio.structure.TestAtomCache.testFetchCurrent1HHB,NOD,,,https://github.com/TestingResearchIllinois/flaky-test-dataset/issues/115
https://github.com/biojava/biojava,e99364ac14294adeb9385b7b93c602c2d9b66bb6,biojava-structure,org.biojava.nbio.structure.TestAtomCache.testFetchObsolete,NOD,,,https://github.com/TestingResearchIllinois/flaky-test-dataset/issues/115
https://github.com/biojava/biojava,e99364ac14294adeb9385b7b93c602c2d9b66bb6,biojava-structure,org.biojava.nbio.structure.TestLoadStructureFromURL.testLoadStructureFromURL,NOD,,,https://github.com/TestingResearchIllinois/flaky-test-dataset/issues/115
https://github.com/CrawlScript/WebCollector,016b61a1f6e52cf2ffb048a2abcc01d767beb0ab,.,cn.edu.hfut.dmic.webcollector.util.OkHttpRequesterTest.testHttpCode,NOD,DeveloperFixed,,https://github.com/CrawlScript/WebCollector/commit/a41198989b84ab0e99ce821e6a752f57209c6991 reduces the flakiness
https://github.com/ctco/cukes,b483e1a8f261b80a66291a42fc455256b0b5059c,cukes-core,"lv.ctco.cukes.core.RunCukesTest.When let variable ""var1"" to be random password with length 8",NOD,Unmaintained,,latest commit 2022/08/17
https://github.com/ctco/cukes,b483e1a8f261b80a66291a42fc455256b0b5059c,cukes-oauth-sample,"lv.ctco.cukes.oauth.sample.RunCukesOAuthTest.And response contains ""Read success""",NOD,Unmaintained,,latest commit 2022/08/17
https://github.com/ctco/cukes,b483e1a8f261b80a66291a42fc455256b0b5059c,cukes-rabbitmq-sample,"lv.ctco.cukes.rabbitmq.RunCukesRabbmitMQTest.And content-type is ""application/json""",NOD,Unmaintained,,latest commit 2022/08/17
https://github.com/ctco/cukes,b483e1a8f261b80a66291a42fc455256b0b5059c,cukes-samples/cukes-rest-sample,"lv.ctco.cukes.rest.run.RunCustomCukesTest.* mock response will have header ""expected"" with value ""hello""",NOD,Unmaintained,,latest commit 2022/08/17
https://github.com/ctco/cukes,b483e1a8f261b80a66291a42fc455256b0b5059c,cukes-samples/cukes-plugin-sample,lv.ctco.cukes.plugins.RunCukesTest.Given wait for 1 second,NOD,Unmaintained,,latest commit 2022/08/17
https://github.com/dianping/cat,c4715a6aa6403af4c017b9180f9a3322afda9434,cat-client,com.dianping.cat.message.context.MessageIdFactoryTest.testDefaultDomainInParallel,NOD,Opened,https://github.com/dianping/cat/pull/2320,
https://github.com/dianping/cat,c4715a6aa6403af4c017b9180f9a3322afda9434,cat-client,com.dianping.cat.message.context.MessageIdFactoryTest.testGivenDomainInParallel,NOD,Opened,https://github.com/dianping/cat/pull/2323,
https://github.com/eclipse-ee4j/tyrus,d86e0cb0a4f26ba89daf8668137c156e57fea565,tests/e2e/standard-config,org.glassfish.tyrus.test.standard_config.OnCloseTest.testDoubleClose,NOD,,,
https://github.com/eclipse-ee4j/tyrus,d86e0cb0a4f26ba89daf8668137c156e57fea565,tests/e2e/standard-config,org.glassfish.tyrus.test.standard_config.SessionTimeoutTest.testSessionTimeoutChanged,NOD,,,
https://github.com/espertechinc/esper,590fa9c9eb854f1420b9d337b802aca19f963cc0,regression-run,com.espertech.esper.regressionrun.suite.epl.TestSuiteEPLSpatial.testEPLSpatialMXCIFQuadTreeFilterIndex,NOD,,,test depends on time and fails in just 0.5%-1% of cases
https://github.com/espertechinc/esper,590fa9c9eb854f1420b9d337b802aca19f963cc0,regression-run,com.espertech.esper.regressionrun.suite.epl.TestSuiteEPLSpatial.testEPLSpatialPointRegionQuadTreeEventIndex,NOD,,,test depends on time and fails in just 0.5%-1% of cases
https://github.com/fromage/redpipe,0aff891d6befdf0dcc2bdbfda22262cdf82ac66f,redpipe-engine,net.redpipe.engine.swagger.SwaggerApiTest.checkSwagger,NOD,RepoArchived,,
https://github.com/fromage/redpipe,0aff891d6befdf0dcc2bdbfda22262cdf82ac66f,redpipe-templating-freemarker,net.redpipe.templating.freemarker.ApiTest.checkMail,NOD,RepoArchived,,
https://github.com/fromage/redpipe,0aff891d6befdf0dcc2bdbfda22262cdf82ac66f,redpipe-templating-freemarker,net.redpipe.templating.freemarker.ApiTest.checkTemplateNegociationSingleHtml,NOD,RepoArchived,,
https://github.com/fromage/redpipe,0aff891d6befdf0dcc2bdbfda22262cdf82ac66f,redpipe-templating-freemarker,net.redpipe.templating.freemarker.ApiTest.checkTemplateNegociationText,NOD,RepoArchived,,
https://github.com/helidon-io/helidon-build-tools,c60640f0aee61b44f377b7a1fff70022ed8846ca,archetype/engine-v2,io.helidon.build.archetype.engine.v2.util.InputPermutationsTest.testConditionals,NOD,,,
https://github.com/helidon-io/helidon-build-tools,c60640f0aee61b44f377b7a1fff70022ed8846ca,archetype/engine-v2,io.helidon.build.archetype.engine.v2.util.InputPermutationsTest.testE2e,NOD,,,
https://github.com/helidon-io/helidon-build-tools,c60640f0aee61b44f377b7a1fff70022ed8846ca,archetype/engine-v2,io.helidon.build.archetype.engine.v2.util.InputPermutationsTest.testExternals2,NOD,,,
https://github.com/helidon-io/helidon-build-tools,c60640f0aee61b44f377b7a1fff70022ed8846ca,archetype/engine-v2,io.helidon.build.archetype.engine.v2.util.InputPermutationsTest.testFilters,NOD,,,
https://github.com/knightliao/disconf,2ac5c8275ad8cdc101522ad01a8ba87e53b73b68,disconf-client,com.baidu.disconf.client.test.DisconfMgrTestCase.demo,NOD,Unmaintained,,last commit on 2021-09-27
https://github.com/lcw2004/one,7b9b249ab1c09f39be885f95a27a756288be4548,one-notify,com.lcw.one.main.EmailServiceTest.sendEmailList,NOD,Unmaintained,,last commit on 2019-12-17
https://github.com/logzio/sawmill,e493c2e279b8820c0fdc2c79ab760d6759eb5a4a,sawmill-core,io.logz.sawmill.PipelineExecutorTest.testOnSuccessPipelineExecution,NOD,,,
https://github.com/logzio/sawmill,e493c2e279b8820c0fdc2c79ab760d6759eb5a4a,sawmill-core,io.logz.sawmill.PipelineExecutorTest.testWarnLongProcessingExecution,NOD,,,
https://github.com/logzio/sawmill,e493c2e279b8820c0fdc2c79ab760d6759eb5a4a,sawmill-core,io.logz.sawmill.processors.ConvertFieldProcessorTest.testConvertToBoolean,NOD,,,
https://github.com/Lucky-Dhakad/semanticvectors,cf2d883c5fafd84ca2530fb15e62ba399ebc7176,.,pitt.search.semanticvectors.integrationtests.RegressionTests.testBuildAndSearchComplexPermutationIndex,NOD,Unmaintained,,latest commit 2015/03/10
https://github.com/Lucky-Dhakad/semanticvectors,cf2d883c5fafd84ca2530fb15e62ba399ebc7176,.,pitt.search.semanticvectors.vectors.ComplexVectorTest.testComplexOrthogonalize,NOD,Unmaintained,,latest commit 2015/03/10
https://github.com/marcosbarbero/spring-cloud-zuul-ratelimit,ae9603f45af05c4a0f940d81b313f273f62f3464,spring-cloud-zuul-ratelimit-tests/bucket4j-infinispan,com.marcosbarbero.tests.it.Bucket4jInfinispanApplicationTestIT.testExceedingQuotaCapacityRequest,NOD,Unmaintained,,latest commit 2022/03/16
https://github.com/nlighten/tomcat_exporter,69b30031ed7099a83cb575d429bf7fddb77f0c0a,client,nl.nlighten.prometheus.tomcat.TomcatGenericExportsTest.testRequestProcessorMetrics,NOD,DeveloperFixed,,https://github.com/nlighten/tomcat_exporter/commit/4aa1edf0691fb1c284d29b0f51e757f281462e54
https://github.com/odrotbohm/sos,d4ed68a143b637c7e2d523edad1b105bf6c2d996,20-modulith,example.sos.modulith.orders.EmailNotificationTest.completingAnOrderUpdatesInventory,NOD,Unmaintained,,last commit on 2021-11-29
https://github.com/opengoofy/hippo4j,cf854b3cb3c47fd339421e5a46a3ae3229c53829,infra/common,cn.hippo4j.common.toolkit.logtracing.LogMessageTest.testToStringShouldPrintMessageAndAllKeyAndValuePairs,NOD,Accepted,https://github.com/opengoofy/hippo4j/pull/1506,https://github.com/TestingResearchIllinois/idoft/issues/797
https://github.com/oracle/oci-java-sdk,2e9982f268420efd4010d8dc8370e9d9ade67ec2,bmc-objectstorage/bmc-objectstorage-extensions,com.oracle.bmc.objectstorage.transfer.ProgressTrackerTest.multipartUploadProgressTrackerFactory_simulateRealLifeScenario,NOD,,,
https://github.com/outbrain/aletheia,024a4b7ea4c186329bbe1e20bb31048d95add836,aletheia-core,com.outbrain.aletheia.SampleDomainClassDatumTest.testDatumRoutes,NOD,RepoDeleted,,
https://github.com/outbrain/aletheia,024a4b7ea4c186329bbe1e20bb31048d95add836,aletheia-core,com.outbrain.aletheia.SampleDomainClassDatumTest.test_avro_route,NOD,RepoDeleted,,
https://github.com/outbrain/aletheia,024a4b7ea4c186329bbe1e20bb31048d95add836,aletheia-core,com.outbrain.aletheia.SampleDomainClassDatumTest.test_json_route,NOD,RepoDeleted,,
https://github.com/outbrain/aletheia,024a4b7ea4c186329bbe1e20bb31048d95add836,aletheia-core,com.outbrain.aletheia.SampleDomainClassDatumTest.test_multiple_routes,NOD,RepoDeleted,,
https://github.com/pinterest/secor,0927a127e3014ee494c97f8c0c25dafe9cf5ac27,.,com.pinterest.secor.io.FileReaderWriterFactoryTest.testDelimitedTextFileReader,NOD,Accepted,https://github.com/pinterest/secor/pull/1687,
https://github.com/pinterest/secor,0927a127e3014ee494c97f8c0c25dafe9cf5ac27,.,com.pinterest.secor.io.FileReaderWriterFactoryTest.testDelimitedTextFileWriter,NOD,Accepted,https://github.com/pinterest/secor/pull/1687,
https://github.com/pippo-java/pippo,ae898b6c478af7365b04c2f5bf9331abf496b166,pippo-session-parent/pippo-session-hazelcast,ro.pippo.session.hazelcast.HazelcastSessionDataStorageTest.testGet,NOD,,,
https://github.com/pippo-java/pippo,ae898b6c478af7365b04c2f5bf9331abf496b166,pippo-session-parent/pippo-session-hazelcast,ro.pippo.session.hazelcast.HazelcastSessionDataStorageTest.testSave,NOD,,,
https://github.com/pippo-java/pippo,ae898b6c478af7365b04c2f5bf9331abf496b166,pippo-session-parent/pippo-session-jedis,ro.pippo.session.jedis.JedisSessionDataStorageTest.testDelete,NOD,,,
https://github.com/pippo-java/pippo,ae898b6c478af7365b04c2f5bf9331abf496b166,pippo-session-parent/pippo-session-mongodb,ro.pippo.session.mongodb.MongoDBSessionDataStorageTest.testCreate,NOD,,,
https://github.com/pippo-java/pippo,ae898b6c478af7365b04c2f5bf9331abf496b166,pippo-session-parent/pippo-session-mongodb,ro.pippo.session.mongodb.MongoDBSessionDataStorageTest.testDelete,NOD,,,
https://github.com/pippo-java/pippo,ae898b6c478af7365b04c2f5bf9331abf496b166,pippo-session-parent/pippo-session-mongodb,ro.pippo.session.mongodb.MongoDBSessionDataStorageTest.testGet,NOD,,,
https://github.com/pippo-java/pippo,ae898b6c478af7365b04c2f5bf9331abf496b166,pippo-session-parent/pippo-session-mongodb,ro.pippo.session.mongodb.MongoDBSessionDataStorageTest.testSave,NOD,,,
https://github.com/ppiastucki/recast4j,01d478e190b731d2fe861e3b969b4c8dd04f0ede,detourtilecache,org.recast4j.detour.tilecache.TileCacheTest.testPerformance,NOD,MovedToGradle,,https://github.com/recast4j/recast4j/commit/f03fe80639386aa16ed555d35728f3b9b4dfb294
https://github.com/querydsl/querydsl,2bf234caf78549813a1e0f44d9c30ecc5ef734e3,querydsl-hibernate-search,com.querydsl.hibernate.search.SearchQueryTest.count,NOD,Accepted,https://github.com/querydsl/querydsl/pull/2658,https://github.com/TestingResearchIllinois/flaky-test-dataset/issues/45
https://github.com/querydsl/querydsl,2bf234caf78549813a1e0f44d9c30ecc5ef734e3,querydsl-hibernate-search,com.querydsl.hibernate.search.SearchQueryTest.paging,NOD,Accepted,https://github.com/querydsl/querydsl/pull/2658,https://github.com/TestingResearchIllinois/flaky-test-dataset/issues/45
https://github.com/questdb/questdb,802e00fbbab89b05057fe1850e4579aad106448c,core/src/test/java/io/questdb/test/griffin/engine/functions/regex,io.questdb.test.griffin.engine.functions.regex.RegexpReplaceStrFunctionFactoryTest.testStackOverFlowError,NOD,Opened,https://github.com/questdb/questdb/pull/6242,https://github.com/questdb/questdb/issues/4139
https://github.com/spotify/helios,aebf68dcbdf9d3850478e8bddd2c478fa5fa282a,helios-services,com.spotify.helios.agent.SupervisorTest.verifySupervisorStartsAndStopsDockerContainer,NOD,RepoArchived,,
https://github.com/spring-cloud/spring-cloud-aws,64ec6d15c67e98c3372ab88c9e5b31d5a89a68f8,spring-cloud-aws-context,org.springframework.cloud.aws.cache.config.xml.CacheBeanDefinitionParserTest.parseInternal_cacheConfigWithExpiration_returnsConfiguredCacheThatRespectExpiration,NOD,RepoArchived,,
https://github.com/square/retrofit,ae28c3d5f6fe54f6ca409cdf82106efb47609f8f,retrofit-adapters/rxjava,retrofit2.adapter.rxjava.CancelDisposeTest.cancelDoesNotDispose,NOD,MovedToGradle,,https://github.com/square/retrofit/commit/14b9b8c88ff80789a48dfdfad2c91463cc4333ad
https://github.com/square/retrofit,ae28c3d5f6fe54f6ca409cdf82106efb47609f8f,retrofit-adapters/rxjava,retrofit2.adapter.rxjava.CompletableThrowingTest.bodyThrowingInOnErrorDeliveredToPlugin,NOD,MovedToGradle,,https://github.com/square/retrofit/commit/14b9b8c88ff80789a48dfdfad2c91463cc4333ad
https://github.com/square/retrofit,ae28c3d5f6fe54f6ca409cdf82106efb47609f8f,retrofit-adapters/rxjava,retrofit2.adapter.rxjava.ObservableThrowingTest.responseThrowingInOnCompleteDeliveredToPlugin,NOD,MovedToGradle,,https://github.com/square/retrofit/commit/14b9b8c88ff80789a48dfdfad2c91463cc4333ad
https://github.com/square/retrofit,ae28c3d5f6fe54f6ca409cdf82106efb47609f8f,retrofit,retrofit2.CallTest.cancelOkHttpRequest,NOD,MovedToGradle,,https://github.com/square/retrofit/commit/14b9b8c88ff80789a48dfdfad2c91463cc4333ad
https://github.com/takari/ollie,60c0ec5007779863a82c01eeba1a81f6864bb083,ollie,com.walmartlabs.ollie.app.OllieSslServerTest.validate,NOD,,,https://github.com/TestingResearchIllinois/idoft/issues/148
https://github.com/undertow-io/undertow,d0efffad5d2034bb07525cac9b299dac72c3045d,core,io.undertow.server.handlers.proxy.LoadBalancingProxyHttpsTestCase.testMaxRetries,NOD,,,
https://github.com/vert-x3/vertx-rabbitmq-client,7305bcd5173cd32a0d2b382a69bdb7027851bd10,.,io.vertx.rabbitmq.RabbitMQClientReconnectTest.testReconnect,NOD,DeveloperFixed,,https://github.com/vert-x3/vertx-rabbitmq-client/commit/8ca0856a43414dd9af0d479d765e4cd78aaa9166
https://github.com/vert-x3/vertx-rabbitmq-client,7305bcd5173cd32a0d2b382a69bdb7027851bd10,.,io.vertx.rabbitmq.RabbitMQConsumptionStreamingTest.keepMostRecentOptionShouldWorks,NOD,,,
https://github.com/vert-x3/vertx-rabbitmq-client,7305bcd5173cd32a0d2b382a69bdb7027851bd10,.,io.vertx.rabbitmq.RabbitMQConsumptionStreamingTest.pauseAndResumeShouldWork,NOD,DeveloperFixed,,https://github.com/vert-x3/vertx-rabbitmq-client/commit/8ca0856a43414dd9af0d479d765e4cd78aaa9166
https://github.com/vert-x3/vertx-rabbitmq-client,7305bcd5173cd32a0d2b382a69bdb7027851bd10,.,io.vertx.rabbitmq.RabbitMQServiceTest.testBasicCancel,NOD,Deleted,,https://github.com/vert-x3/vertx-rabbitmq-client/commit/aedb985fe70084f8557eacefb09b303f9f1e99b
https://github.com/vert-x3/vertx-rabbitmq-client,7305bcd5173cd32a0d2b382a69bdb7027851bd10,.,io.vertx.rabbitmq.RabbitMQServiceTest.testBasicConsume,NOD,Deleted,,https://github.com/vert-x3/vertx-rabbitmq-client/commit/aedb985fe70084f8557eacefb09b303f9f1e99b
https://github.com/vert-x3/vertx-rabbitmq-client,7305bcd5173cd32a0d2b382a69bdb7027851bd10,.,io.vertx.rabbitmq.RabbitMQServiceTest.testGetMessageCount,NOD,DeveloperFixed,,https://github.com/vert-x3/vertx-rabbitmq-client/commit/8ca0856a43414dd9af0d479d765e4cd78aaa9166
https://github.com/vert-x3/vertx-rabbitmq-client,aedb985fe70084f8557eacefb09b303f9f1e99b7,.,io.vertx.rabbitmq.RabbitMQServiceTest.testMessageOrdering,NOD,,,
https://github.com/vert-x3/vertx-rabbitmq-client,7305bcd5173cd32a0d2b382a69bdb7027851bd10,.,io.vertx.rabbitmq.RabbitMQServiceTest.testMessageOrderingWhenConsumingNewApi,NOD,MovedOrRenamed,,https://github.com/vert-x3/vertx-rabbitmq-client/commit/aedb985fe70084f8557eacefb09b303f9f1e99b
https://github.com/visallo/vertexium,f1fd59e23610312cf0ec6756ea01baaf56cdb74e,accumulo,org.vertexium.accumulo.AccumuloGraphTest.testFindPathsMultiplePaths,NOD,Unmaintained,,last commit on 2021-04-27
https://github.com/visallo/vertexium,f1fd59e23610312cf0ec6756ea01baaf56cdb74e,accumulo,org.vertexium.accumulo.AccumuloGraphTest.testFindRelatedEdgesPerformance,NOD,Unmaintained,,last commit on 2021-04-27
https://github.com/visallo/vertexium,f1fd59e23610312cf0ec6756ea01baaf56cdb74e,inmemory,org.vertexium.inmemory.InMemoryGraphTest.manyVisibilities,NOD,Unmaintained,,last commit on 2021-04-27
https://github.com/visallo/vertexium,f1fd59e23610312cf0ec6756ea01baaf56cdb74e,inmemory,org.vertexium.inmemory.InMemoryGraphTest.testMarkPropertyVisible,NOD,Unmaintained,,last commit on 2021-04-27
https://github.com/visallo/vertexium,bc52f7cd33f6e559b3f144db77e160bddac0e003,core,org.vertexium.util.IncreasingTimeTest.currentTimeMillisReturnsTimeGreaterThanSystemTime,NOD,Unmaintained,,last commit on 2021-04-27
https://github.com/vmware/admiral,e4b02936cc7d4ff2714e7231db0c4373ba5d48a2,request,com.vmware.admiral.request.RequestBrokerServiceTest.testRequestFailShouldDeleteTheCreatedDescriptions,NOD,RepoArchived,,
https://github.com/wildfly/wildfly-maven-plugin,ba664f977f4a20771eb7aab979164b2fb639a240,core,org.wildfly.plugin.core.DomainDeploymentManagerIT.testDeploy,NOD,Deleted,,https://github.com/TestingResearchIllinois/idoft/issues/229;https://github.com/wildfly/wildfly-maven-plugin/commit/5d5d8d5aa91d329d368c3a3d98e49b4a7d5cec0
https://github.com/wildfly/wildfly-maven-plugin,ba664f977f4a20771eb7aab979164b2fb639a240,core,org.wildfly.plugin.core.DomainDeploymentManagerIT.testFailedDeployMulti,NOD,Deleted,,https://github.com/TestingResearchIllinois/idoft/issues/229;https://github.com/wildfly/wildfly-maven-plugin/commit/5d5d8d5aa91d329d368c3a3d98e49b4a7d5cec0
https://github.com/wildfly/wildfly-maven-plugin,ba664f977f4a20771eb7aab979164b2fb639a240,core,org.wildfly.plugin.core.DomainDeploymentManagerIT.testFailedForceDeploy,NOD,Deleted,,https://github.com/TestingResearchIllinois/idoft/issues/229;https://github.com/wildfly/wildfly-maven-plugin/commit/5d5d8d5aa91d329d368c3a3d98e49b4a7d5cec0
https://github.com/wildfly/wildfly-maven-plugin,ba664f977f4a20771eb7aab979164b2fb639a240,core,org.wildfly.plugin.core.DomainDeploymentManagerIT.testForceDeploy,NOD,Deleted,,https://github.com/TestingResearchIllinois/idoft/issues/229;https://github.com/wildfly/wildfly-maven-plugin/commit/5d5d8d5aa91d329d368c3a3d98e49b4a7d5cec0
https://github.com/wildfly/wildfly-maven-plugin,ba664f977f4a20771eb7aab979164b2fb639a240,core,org.wildfly.plugin.core.DomainDeploymentManagerIT.testUndeployMulti,NOD,Deleted,,https://github.com/TestingResearchIllinois/idoft/issues/229;https://github.com/wildfly/wildfly-maven-plugin/commit/5d5d8d5aa91d329d368c3a3d98e49b4a7d5cec0
https://github.com/wildfly/wildfly-maven-plugin,ba664f977f4a20771eb7aab979164b2fb639a240,core,org.wildfly.plugin.core.StandaloneDeploymentManagerIT.testDeployFile,NOD,Deleted,,https://github.com/TestingResearchIllinois/idoft/issues/229;https://github.com/wildfly/wildfly-maven-plugin/commit/5d5d8d5aa91d329d368c3a3d98e49b4a7d5cec0
https://github.com/wildfly/wildfly-maven-plugin,ba664f977f4a20771eb7aab979164b2fb639a240,core,org.wildfly.plugin.core.StandaloneDeploymentManagerIT.testDeployToRuntimeMulti,NOD,Deleted,,https://github.com/TestingResearchIllinois/idoft/issues/229;https://github.com/wildfly/wildfly-maven-plugin/commit/5d5d8d5aa91d329d368c3a3d98e49b4a7d5cec0
https://github.com/wildfly/wildfly-maven-plugin,ba664f977f4a20771eb7aab979164b2fb639a240,core,org.wildfly.plugin.core.StandaloneDeploymentManagerIT.testForceDeployMulti,NOD,Deleted,,https://github.com/TestingResearchIllinois/idoft/issues/229;https://github.com/wildfly/wildfly-maven-plugin/commit/5d5d8d5aa91d329d368c3a3d98e49b4a7d5cec0
https://github.com/wildfly/wildfly-maven-plugin,ba664f977f4a20771eb7aab979164b2fb639a240,core,org.wildfly.plugin.core.StandaloneDeploymentManagerIT.testRedeployFile,NOD,Deleted,,https://github.com/TestingResearchIllinois/idoft/issues/229;https://github.com/wildfly/wildfly-maven-plugin/commit/5d5d8d5aa91d329d368c3a3d98e49b4a7d5cec0
https://github.com/wildfly/wildfly-maven-plugin,ba664f977f4a20771eb7aab979164b2fb639a240,core,org.wildfly.plugin.core.StandaloneDeploymentManagerIT.testRedeployToRuntime,NOD,Deleted,,https://github.com/TestingResearchIllinois/idoft/issues/229;https://github.com/wildfly/wildfly-maven-plugin/commit/5d5d8d5aa91d329d368c3a3d98e49b4a7d5cec0
https://github.com/wildfly/wildfly-maven-plugin,ba664f977f4a20771eb7aab979164b2fb639a240,core,org.wildfly.plugin.core.StandaloneDeploymentManagerIT.testRedeployUrl,NOD,Deleted,,https://github.com/TestingResearchIllinois/idoft/issues/229;https://github.com/wildfly/wildfly-maven-plugin/commit/5d5d8d5aa91d329d368c3a3d98e49b4a7d5cec0
https://github.com/wildfly/wildfly-maven-plugin,ba664f977f4a20771eb7aab979164b2fb639a240,core,org.wildfly.plugin.core.StandaloneDeploymentManagerIT.testUndeploy,NOD,Deleted,,https://github.com/TestingResearchIllinois/idoft/issues/229;https://github.com/wildfly/wildfly-maven-plugin/commit/5d5d8d5aa91d329d368c3a3d98e49b4a7d5cec0
https://github.com/wro4j/wro4j,185ab607f1d649ca38b4a772831ee754cd4649fb,wro4j-extensions,ro.isdc.wro.extensions.processor.TestBourbonCssProcessor.shouldBeThreadSafe,NOD,,,
https://github.com/wso2/carbon-apimgt,a82213e40e7e6aa529341fdd1d1c3de776949e64,analyzer-modules/org.wso2.carbon.apimgt.throttling.siddhi.extension,org.wso2.carbon.apimgt.throttling.siddhi.extension.ThrottleTimeBatchWindowTestCase.throttleTimeWindowBatchTest1,NOD,Skipped,,https://github.com/TestingResearchIllinois/flaky-test-dataset/issues/1
https://github.com/zalando/riptide,dcf4af17abfd312243897e79e0577d1e28537e7d,riptide-spring-boot-autoconfigure,org.zalando.riptide.autoconfigure.AccessTokensDefaultCredentialsDirectoryTest.shouldUseCredentialsDirectory,NOD,Deleted,,https://github.com/zalando/riptide/commit/eef278ebee2815b75f5b8e7c330a3453fab487e9#diff-ae035f1bcb3284a89b38ec567cd54d28c2f51e7044ffc4e450ce126de3ce820a
https://github.com/zalando/riptide,dcf4af17abfd312243897e79e0577d1e28537e7d,riptide-spring-boot-autoconfigure,org.zalando.riptide.autoconfigure.AccessTokensMissingTest.shouldFailDueToMissingAccessTokenUrl,NOD,Deleted,,https://github.com/zalando/riptide/commit/eef278ebee2815b75f5b8e7c330a3453fab487e9#diff-ae035f1bcb3284a89b38ec567cd54d28c2f51e7044ffc4e450ce126de3ce820a
https://github.com/zalando/riptide,dcf4af17abfd312243897e79e0577d1e28537e7d,riptide-spring-boot-autoconfigure,org.zalando.riptide.autoconfigure.AccessTokensPropertiesTest.shouldRun,NOD,Deleted,,https://github.com/zalando/riptide/commit/eef278ebee2815b75f5b8e7c330a3453fab487e9#diff-ae035f1bcb3284a89b38ec567cd54d28c2f51e7044ffc4e450ce126de3ce820a
https://github.com/zalando/riptide,dcf4af17abfd312243897e79e0577d1e28537e7d,riptide-spring-boot-autoconfigure,org.zalando.riptide.autoconfigure.CircuitBreakerTest.shouldAutowireCircuitBreakers,NOD,,,
https://github.com/zalando/riptide,dcf4af17abfd312243897e79e0577d1e28537e7d,riptide-spring-boot-autoconfigure,org.zalando.riptide.autoconfigure.ClientConfigurationTest.shouldApplyTimeouts,NOD,,,
https://github.com/zalando/riptide,dcf4af17abfd312243897e79e0577d1e28537e7d,riptide-spring-boot-autoconfigure,org.zalando.riptide.autoconfigure.ClientConfigurationTest.shouldWireNonOAuthCorrectly,NOD,,,
https://github.com/zalando/riptide,dcf4af17abfd312243897e79e0577d1e28537e7d,riptide-spring-boot-autoconfigure,org.zalando.riptide.autoconfigure.ClientConfigurationTest.shouldWireOAuthCorrectly,NOD,,,
https://github.com/zalando/riptide,dcf4af17abfd312243897e79e0577d1e28537e7d,riptide-spring-boot-autoconfigure,org.zalando.riptide.autoconfigure.HttpMessageConvertersOverrideTest.shouldOverride,NOD,,,
https://github.com/zalando/riptide,dcf4af17abfd312243897e79e0577d1e28537e7d,riptide-spring-boot-autoconfigure,org.zalando.riptide.autoconfigure.LogbookCompatibilityTest.shouldUseInterceptors,NOD,Deleted,,https://github.com/zalando/riptide/commit/a64c010cd1a6c40270c9e83074c9c247fca431a2#diff-be74af17e92d6af6a8d3c8dab8195b5aeffb3e85b60a1c5a114efcabfe96ed43
https://github.com/zalando/riptide,dcf4af17abfd312243897e79e0577d1e28537e7d,riptide-spring-boot-autoconfigure,org.zalando.riptide.autoconfigure.metrics.MetricsTest.shouldRecordCircuitBreakers,NOD,,,
https://github.com/zalando/riptide,dcf4af17abfd312243897e79e0577d1e28537e7d,riptide-spring-boot-autoconfigure,org.zalando.riptide.autoconfigure.metrics.MetricsTest.shouldRecordRequests,NOD,,,
https://github.com/zalando/riptide,dcf4af17abfd312243897e79e0577d1e28537e7d,riptide-spring-boot-autoconfigure,org.zalando.riptide.autoconfigure.metrics.MetricsTest.shouldRecordRetries,NOD,,,
https://github.com/zalando/riptide,dcf4af17abfd312243897e79e0577d1e28537e7d,riptide-spring-boot-autoconfigure,org.zalando.riptide.autoconfigure.ObjectMapperOverrideTest.shouldOverride,NOD,,,
https://github.com/zalando/riptide,dcf4af17abfd312243897e79e0577d1e28537e7d,riptide-spring-boot-autoconfigure,org.zalando.riptide.autoconfigure.PluginTest.shouldUseBackupRequestPlugin,NOD,,,
https://github.com/zalando/riptide,dcf4af17abfd312243897e79e0577d1e28537e7d,riptide-spring-boot-autoconfigure,org.zalando.riptide.autoconfigure.PluginTest.shouldUseOriginalStackTracePlugin,NOD,,,
https://github.com/zalando/riptide,dcf4af17abfd312243897e79e0577d1e28537e7d,riptide-spring-boot-autoconfigure,org.zalando.riptide.autoconfigure.retry.RetryTest.shouldRetryForAtMostMaxRetriesTimes,NOD,MovedOrRenamed,,https://github.com/zalando/riptide/commit/f8525841c9f1cfddeb00dbabcd4cb91f191b7be0#diff-580387014b0f54ff192c71297d39120a4e1de22ad6c9cb98fcf540bb2f34fcf1
https://github.com/zalando/riptide,dcf4af17abfd312243897e79e0577d1e28537e7d,riptide-spring-boot-autoconfigure,org.zalando.riptide.autoconfigure.url.UrlResolutionTest.shouldAppendUrl,NOD,,,
https://github.com/zalando/riptide,8277e11fc069d8e24df0d233ef2577cc75659b75,riptide-backup,org.zalando.riptide.backup.BackupRequestPluginTest.shouldUseBackupRequest,NOD,,,
https://github.com/zalando/riptide,8277e11fc069d8e24df0d233ef2577cc75659b75,riptide-failsafe,org.zalando.riptide.failsafe.RetryAfterDelayFunctionTest.shouldRetryOnDemandWithDynamicDelay,NOD,,,
